id,expected_relative_path,create_date,sys_file_soft_deleted,delete_ts_date,ext,file_size,file_name_md5,file_name_length,reference_count,active_reference_count,soft_deleted_reference_count,reference_columns_count,reference_columns,found_elsewhere_active_storage_count,found_in_archive_count,classification,recommended_action,blocks_stage_3
0272a965-5475-6247-67b9-d1e0e5cfbbb9,2019/10/22/0272a965-5475-6247-67b9-d1e0e5cfbbb9.xlsx,2019-10-22,f,,xlsx,80452,f797419825e3985fc297979965cba9c4,42,1,1,0,1,public.ddcdi_import_exec.file_id,0,0,E_ACTIVE_LINKED_FILE_MISSING,business_owner_decision_required_before_stage_3,yes
0bdc2d0e-5ac9-eb55-723b-af25d034f8c2,2019/10/22/0bdc2d0e-5ac9-eb55-723b-af25d034f8c2.csv,2019-10-22,f,,csv,2094,4cd052c3e0136e86377277f83a16a362,25,1,1,0,1,public.ddcdi_import_exec.file_id,0,0,E_ACTIVE_LINKED_FILE_MISSING,business_owner_decision_required_before_stage_3,yes
2a359dee-e414-438e-67dc-6f7e408d3290,2019/10/22/2a359dee-e414-438e-67dc-6f7e408d3290.xlsx,2019-10-22,f,,xlsx,5568,054ee4ba47b62b5b06afb96902b53ab7,14,1,1,0,1,public.ddcdi_import_exec.file_id,0,0,E_ACTIVE_LINKED_FILE_MISSING,business_owner_decision_required_before_stage_3,yes
4e974b7c-a8ec-66fa-d9c0-54201c176dee,2019/10/22/4e974b7c-a8ec-66fa-d9c0-54201c176dee.xlsx,2019-10-22,f,,xlsx,80452,f797419825e3985fc297979965cba9c4,42,1,1,0,1,public.ddcdi_import_exec.file_id,0,0,E_ACTIVE_LINKED_FILE_MISSING,business_owner_decision_required_before_stage_3,yes
6757a0c0-de23-92fa-cf2c-f9c4d1954b3c,2019/10/22/6757a0c0-de23-92fa-cf2c-f9c4d1954b3c.csv,2019-10-22,f,,csv,3216,2d8fc96f56c1a7e336a798df9e16c527,11,1,1,0,1,public.ddcdi_import_exec.file_id,0,0,E_ACTIVE_LINKED_FILE_MISSING,business_owner_decision_required_before_stage_3,yes
7fc2d6f6-25b0-cbb6-1737-eb84a9e985a0,2019/10/22/7fc2d6f6-25b0-cbb6-1737-eb84a9e985a0.xlsx,2019-10-22,f,,xlsx,80452,f797419825e3985fc297979965cba9c4,42,1,1,0,1,public.ddcdi_import_exec.file_id,0,0,E_ACTIVE_LINKED_FILE_MISSING,business_owner_decision_required_before_stage_3,yes
a0bab979-0a27-ed24-21cd-6eb56fc1daa3,2019/10/22/a0bab979-0a27-ed24-21cd-6eb56fc1daa3.xlsx,2019-10-22,f,,xlsx,83781,f797419825e3985fc297979965cba9c4,42,1,1,0,1,public.ddcdi_import_exec.file_id,0,0,E_ACTIVE_LINKED_FILE_MISSING,business_owner_decision_required_before_stage_3,yes
accf44c6-b32e-3065-bfc4-cc340db38307,2019/10/22/accf44c6-b32e-3065-bfc4-cc340db38307.csv,2019-10-22,f,,csv,3593,bdad70fefe6c1ba3e563e596f774da8a,13,1,1,0,1,public.ddcdi_import_exec.file_id,0,0,E_ACTIVE_LINKED_FILE_MISSING,business_owner_decision_required_before_stage_3,yes
bed76909-7e6e-d3d0-ba3b-3018a0081776,2019/10/22/bed76909-7e6e-d3d0-ba3b-3018a0081776.xlsx,2019-10-22,f,,xlsx,793664,f797419825e3985fc297979965cba9c4,42,1,1,0,1,public.ddcdi_import_exec.file_id,0,0,E_ACTIVE_LINKED_FILE_MISSING,business_owner_decision_required_before_stage_3,yes
c0596ca9-8d31-cbf0-497c-53b969d419e2,2019/10/22/c0596ca9-8d31-cbf0-497c-53b969d419e2.csv,2019-10-22,f,,csv,257,b820e9bd48b3ff6c3ace4ec1387d3e05,12,1,1,0,1,public.ddcdi_import_exec.file_id,0,0,E_ACTIVE_LINKED_FILE_MISSING,business_owner_decision_required_before_stage_3,yes
c6ad279d-2fe0-1bd7-a013-14e4f83edb3d,2019/10/22/c6ad279d-2fe0-1bd7-a013-14e4f83edb3d.csv,2019-10-22,f,,csv,45220,4f6d921d593f370dd57737ce7c0c09a7,14,1,1,0,1,public.ddcdi_import_exec.file_id,0,0,E_ACTIVE_LINKED_FILE_MISSING,business_owner_decision_required_before_stage_3,yes
da3a3328-23ae-80d4-7aa0-7e24bfd25c2a,2019/10/22/da3a3328-23ae-80d4-7aa0-7e24bfd25c2a.xlsx,2019-10-22,f,,xlsx,105091,eaf036838a77979f5ddb7bf591e360e4,16,1,1,0,1,public.ddcdi_import_exec.file_id,0,0,E_ACTIVE_LINKED_FILE_MISSING,business_owner_decision_required_before_stage_3,yes
dd3fa2dd-05f2-1988-fdbc-ce1f3eb50bcd,2019/10/22/dd3fa2dd-05f2-1988-fdbc-ce1f3eb50bcd.csv,2019-10-22,f,,csv,2133,3745f3320a30f5f923ced70ad70bf458,12,1,1,0,1,public.ddcdi_import_exec.file_id,0,0,E_ACTIVE_LINKED_FILE_MISSING,business_owner_decision_required_before_stage_3,yes
ef86dc7d-c48c-a620-e7d8-a83dcff6e37d,2019/10/22/ef86dc7d-c48c-a620-e7d8-a83dcff6e37d.xlsx,2019-10-22,f,,xlsx,5568,054ee4ba47b62b5b06afb96902b53ab7,14,1,1,0,1,public.ddcdi_import_exec.file_id,0,0,E_ACTIVE_LINKED_FILE_MISSING,business_owner_decision_required_before_stage_3,yes
fa8b1422-495c-290b-0cfc-3f467d49e6e6,2019/10/22/fa8b1422-495c-290b-0cfc-3f467d49e6e6.xlsx,2019-10-22,f,,xlsx,80452,f797419825e3985fc297979965cba9c4,42,1,1,0,1,public.ddcdi_import_exec.file_id,0,0,E_ACTIVE_LINKED_FILE_MISSING,business_owner_decision_required_before_stage_3,yes
3a362c23-b20f-0de3-ea29-04c18bbdb2a8,2019/10/23/3a362c23-b20f-0de3-ea29-04c18bbdb2a8.pdf,2019-10-23,f,,pdf,118867,0f9c15bd2cb35745548baa0ffbccf5d5,47,1,1,0,1,public.hunttech_candidate_cv.file_cv_id,0,0,E_ACTIVE_LINKED_FILE_MISSING,business_owner_decision_required_before_stage_3,yes
fb29dbbe-4a17-ccd0-93d2-5f45758da7d1,2019/10/23/fb29dbbe-4a17-ccd0-93d2-5f45758da7d1.xlsx,2019-10-23,f,,xlsx,83801,f797419825e3985fc297979965cba9c4,42,1,1,0,1,public.ddcdi_import_exec.file_id,0,0,E_ACTIVE_LINKED_FILE_MISSING,business_owner_decision_required_before_stage_3,yes
9721ca32-bf66-1722-129c-0c17ba394ab7,2019/10/24/9721ca32-bf66-1722-129c-0c17ba394ab7.doc,2019-10-24,f,,doc,59904,2ed4f004aaf7bffa83ceaf9bd37ad7e3,26,1,1,0,1,public.hunttech_candidate_cv.file_cv_id,0,0,E_ACTIVE_LINKED_FILE_MISSING,business_owner_decision_required_before_stage_3,yes
de52ea72-9180-1730-0a24-875f895ef82f,2019/10/28/de52ea72-9180-1730-0a24-875f895ef82f.pdf,2019-10-28,f,,pdf,120004,9056a5b3fa89630fae6f420b1ce4717a,64,1,1,0,1,public.hunttech_candidate_cv.file_cv_id,0,0,E_ACTIVE_LINKED_FILE_MISSING,business_owner_decision_required_before_stage_3,yes
d5e3c70d-fcc4-d079-5122-df15564d99a1,2019/10/29/d5e3c70d-fcc4-d079-5122-df15564d99a1.pdf,2019-10-29,f,,pdf,116020,5f9b79992b8dfd06391a7212b085bd90,42,1,1,0,1,public.hunttech_candidate_cv.file_cv_id,0,0,E_ACTIVE_LINKED_FILE_MISSING,business_owner_decision_required_before_stage_3,yes
fad4c4e8-ba88-5db1-1867-cf5d8d127833,2019/10/29/fad4c4e8-ba88-5db1-1867-cf5d8d127833.pdf,2019-10-29,f,,pdf,119998,06eef3cd28fce1bd17426947aafadb0c,45,1,1,0,1,public.hunttech_candidate_cv.file_cv_id,0,0,E_ACTIVE_LINKED_FILE_MISSING,business_owner_decision_required_before_stage_3,yes
4683ed9f-6451-20f2-01ee-f8211fa8b118,2019/10/30/4683ed9f-6451-20f2-01ee-f8211fa8b118.pdf,2019-10-30,f,,pdf,135216,4400354b520eba2c45ab92b0a271ecf2,43,1,1,0,1,public.hunttech_candidate_cv.file_cv_id,0,0,E_ACTIVE_LINKED_FILE_MISSING,business_owner_decision_required_before_stage_3,yes
54d04863-12f3-265a-6476-cae024aee40d,2019/10/30/54d04863-12f3-265a-6476-cae024aee40d.pdf,2019-10-30,f,,pdf,317360,6c26b6d452312265c40005573af23a78,34,0,0,0,0,,0,0,C_ORPHAN_SYS_FILE_METADATA,candidate_for_metadata_review_no_auto_delete,yes
223fb394-ff16-2f25-3a41-187a1338c9df,2019/10/31/223fb394-ff16-2f25-3a41-187a1338c9df.pdf,2019-10-31,f,,pdf,112745,7dad4c014b3b4af77946bf45316dee7b,62,1,1,0,1,public.hunttech_candidate_cv.file_cv_id,0,0,E_ACTIVE_LINKED_FILE_MISSING,business_owner_decision_required_before_stage_3,yes
bfa14709-370e-a418-ca8a-04edd0055e44,2019/10/31/bfa14709-370e-a418-ca8a-04edd0055e44.pdf,2019-10-31,f,,pdf,116043,18e0f40226c8fc63e0170b753b9bf1d7,45,1,1,0,1,public.hunttech_candidate_cv.file_cv_id,0,0,E_ACTIVE_LINKED_FILE_MISSING,business_owner_decision_required_before_stage_3,yes
0e077056-65b3-126c-246f-b701780c148a,2019/11/01/0e077056-65b3-126c-246f-b701780c148a.pdf,2019-11-01,f,,pdf,116683,72803c374a94817110026086efabc49e,54,1,1,0,1,public.hunttech_candidate_cv.file_cv_id,0,0,E_ACTIVE_LINKED_FILE_MISSING,business_owner_decision_required_before_stage_3,yes
966f9f95-863a-564d-b047-a6f3da379065,2019/11/01/966f9f95-863a-564d-b047-a6f3da379065.pdf,2019-11-01,f,,pdf,112745,7dad4c014b3b4af77946bf45316dee7b,62,1,0,1,1,public.hunttech_candidate_cv.file_cv_id,0,0,D_ONLY_SOFT_DELETED_OR_ARCHIVE_LINKS,confirm_archive_policy_before_stage_3,yes
ba6d1d6b-e0a8-77c9-f3a2-b0641bd1eb1e,2019/11/05/ba6d1d6b-e0a8-77c9-f3a2-b0641bd1eb1e.pdf,2019-11-05,f,,pdf,109897,7c93dd14afc92ac4367dfa39b44f1f13,43,1,1,0,1,public.hunttech_candidate_cv.file_cv_id,0,0,E_ACTIVE_LINKED_FILE_MISSING,business_owner_decision_required_before_stage_3,yes
dc7a1611-7139-0050-e497-ca16e67c679d,2019/11/05/dc7a1611-7139-0050-e497-ca16e67c679d.pdf,2019-11-05,f,,pdf,131627,9a120ef62987176585cd5c050a22a2b1,47,1,1,0,1,public.hunttech_candidate_cv.file_cv_id,0,0,E_ACTIVE_LINKED_FILE_MISSING,business_owner_decision_required_before_stage_3,yes
e3ac3d56-1837-ee25-9d26-3aabfa5f5727,2019/11/05/e3ac3d56-1837-ee25-9d26-3aabfa5f5727.pdf,2019-11-05,f,,pdf,116594,1a541982cd85082f3dfcdbb90291ea46,41,1,1,0,1,public.hunttech_candidate_cv.file_cv_id,0,0,E_ACTIVE_LINKED_FILE_MISSING,business_owner_decision_required_before_stage_3,yes
f40ccd90-7b1c-a922-e39e-9d49038cb78b,2019/11/05/f40ccd90-7b1c-a922-e39e-9d49038cb78b.pdf,2019-11-05,f,,pdf,60252,843ae25e2696d9c44168220e62a3459b,35,0,0,0,0,,0,0,C_ORPHAN_SYS_FILE_METADATA,candidate_for_metadata_review_no_auto_delete,yes
3f8be093-bf42-7110-08e0-0cbe09c36b9b,2019/11/06/3f8be093-bf42-7110-08e0-0cbe09c36b9b.pdf,2019-11-06,f,,pdf,103463,739730700d8446906da8f252b9632664,33,1,1,0,1,public.hunttech_candidate_cv.file_cv_id,0,0,E_ACTIVE_LINKED_FILE_MISSING,business_owner_decision_required_before_stage_3,yes
76585c16-cbc0-e44b-346f-585d97427280,2019/11/06/76585c16-cbc0-e44b-346f-585d97427280.pdf,2019-11-06,f,,pdf,114022,b56998a2e90cc54afd700d86118d94e3,46,1,1,0,1,public.hunttech_candidate_cv.file_cv_id,0,0,E_ACTIVE_LINKED_FILE_MISSING,business_owner_decision_required_before_stage_3,yes
e47d5959-e41b-fbf2-11f7-7ef45961ea7e,2019/11/06/e47d5959-e41b-fbf2-11f7-7ef45961ea7e.pdf,2019-11-06,f,,pdf,149825,bad19e12c40a5d49d4d1dc80960aa641,47,1,1,0,1,public.hunttech_candidate_cv.file_cv_id,0,0,E_ACTIVE_LINKED_FILE_MISSING,business_owner_decision_required_before_stage_3,yes
4770907d-4b10-9007-b58e-882c8897961a,2019/11/07/4770907d-4b10-9007-b58e-882c8897961a.pdf,2019-11-07,f,,pdf,65535,58b0ddb367640c184431e72c12257d3d,26,1,1,0,1,public.hunttech_candidate_cv.file_cv_id,0,0,E_ACTIVE_LINKED_FILE_MISSING,business_owner_decision_required_before_stage_3,yes
99bcb23f-0e2e-a4e5-4c70-cd7e48ac0c01,2019/11/08/99bcb23f-0e2e-a4e5-4c70-cd7e48ac0c01.pdf,2019-11-08,f,,pdf,114157,196a6512d647e925b54f29c565097d4b,46,1,1,0,1,public.hunttech_candidate_cv.file_cv_id,0,0,E_ACTIVE_LINKED_FILE_MISSING,business_owner_decision_required_before_stage_3,yes
2f6fa09e-da0d-773d-88d4-16fb85686ad3,2019/11/11/2f6fa09e-da0d-773d-88d4-16fb85686ad3.pdf,2019-11-11,f,,pdf,350320,e3ff1e85a7b9aa7365f7e7c09270f8c4,19,0,0,0,0,,0,0,C_ORPHAN_SYS_FILE_METADATA,candidate_for_metadata_review_no_auto_delete,yes
e60b98dd-0a10-b5b7-5673-b0a8215f1b7f,2019/11/11/e60b98dd-0a10-b5b7-5673-b0a8215f1b7f.pdf,2019-11-11,f,,pdf,112568,5f3be75798a42fd6e4a8c2b975acfac5,57,1,1,0,1,public.hunttech_candidate_cv.file_cv_id,0,0,E_ACTIVE_LINKED_FILE_MISSING,business_owner_decision_required_before_stage_3,yes
fba860b4-0c6c-fcbb-b0bc-de37d4aac4e2,2019/11/11/fba860b4-0c6c-fcbb-b0bc-de37d4aac4e2.pdf,2019-11-11,f,,pdf,92345,6743b152e650b8e13faa933b950445a5,43,1,1,0,1,public.hunttech_candidate_cv.file_cv_id,0,0,E_ACTIVE_LINKED_FILE_MISSING,business_owner_decision_required_before_stage_3,yes
06372601-0caf-a238-58fb-5f74f11a0da8,2019/11/12/06372601-0caf-a238-58fb-5f74f11a0da8.pdf,2019-11-12,f,,pdf,65590,bddcbebe8c64d8717990e8a9026bd9c8,34,0,0,0,0,,0,0,C_ORPHAN_SYS_FILE_METADATA,candidate_for_metadata_review_no_auto_delete,yes
21c538e9-5484-5c94-4588-6091d2892216,2019/11/12/21c538e9-5484-5c94-4588-6091d2892216.pdf,2019-11-12,f,,pdf,255582,b695b02ed3e12ddb22f3d403f5fe6ede,45,0,0,0,0,,0,0,C_ORPHAN_SYS_FILE_METADATA,candidate_for_metadata_review_no_auto_delete,yes
28aa678d-8fff-77be-74c6-f0d110c26360,2019/11/12/28aa678d-8fff-77be-74c6-f0d110c26360.pdf,2019-11-12,f,,pdf,118017,1839b9edd4e3df72aaaf32d0c4feab30,48,0,0,0,0,,0,0,C_ORPHAN_SYS_FILE_METADATA,candidate_for_metadata_review_no_auto_delete,yes
30d02424-094a-c61b-28fa-aa92740da6c5,2019/11/12/30d02424-094a-c61b-28fa-aa92740da6c5.pdf,2019-11-12,f,,pdf,40013,06a3e08ad83e26d7feb2a1114138e9e6,30,0,0,0,0,,0,0,C_ORPHAN_SYS_FILE_METADATA,candidate_for_metadata_review_no_auto_delete,yes
3bc58585-ec05-1954-7d28-6b22713171d6,2019/11/12/3bc58585-ec05-1954-7d28-6b22713171d6.pdf,2019-11-12,f,,pdf,38826,ab415368043996c0e2590b9cf28e6c92,44,0,0,0,0,,0,0,C_ORPHAN_SYS_FILE_METADATA,candidate_for_metadata_review_no_auto_delete,yes
59902ff4-be66-9875-288d-55877303e0f0,2019/11/12/59902ff4-be66-9875-288d-55877303e0f0.pdf,2019-11-12,f,,pdf,128266,94ef295280aca4649142794de1458b95,44,0,0,0,0,,0,0,C_ORPHAN_SYS_FILE_METADATA,candidate_for_metadata_review_no_auto_delete,yes
5b5b45da-dd08-efa3-f512-f1ada24a6feb,2019/11/12/5b5b45da-dd08-efa3-f512-f1ada24a6feb.pdf,2019-11-12,f,,pdf,53327,7ae068aa10bf2f78ae2141511daa4f90,27,0,0,0,0,,0,0,C_ORPHAN_SYS_FILE_METADATA,candidate_for_metadata_review_no_auto_delete,yes
fbe8b317-7c10-a7a3-5f50-1f838ad445d4,2019/11/12/fbe8b317-7c10-a7a3-5f50-1f838ad445d4.pdf,2019-11-12,f,,pdf,350320,e3ff1e85a7b9aa7365f7e7c09270f8c4,19,0,0,0,0,,0,0,C_ORPHAN_SYS_FILE_METADATA,candidate_for_metadata_review_no_auto_delete,yes
12a5f8c9-c715-8816-8ed4-c26d5d4fdf59,2019/11/13/12a5f8c9-c715-8816-8ed4-c26d5d4fdf59.pdf,2019-11-13,f,,pdf,301693,5168b60fa36f1a5a9f4e1758326e72c2,37,0,0,0,0,,0,0,C_ORPHAN_SYS_FILE_METADATA,candidate_for_metadata_review_no_auto_delete,yes
1efaeaa8-5104-686b-78e5-e945840344aa,2019/11/13/1efaeaa8-5104-686b-78e5-e945840344aa.docx,2019-11-13,f,,docx,32187,10cd2db49efa377052a03b376c37f19d,48,0,0,0,0,,0,0,C_ORPHAN_SYS_FILE_METADATA,candidate_for_metadata_review_no_auto_delete,yes
4ddf0e59-f915-a8b8-781b-72f5ce39f01e,2019/11/13/4ddf0e59-f915-a8b8-781b-72f5ce39f01e.docx,2019-11-13,f,,docx,60909,c9b53d1f0d68fc7241e75c61a423816b,38,0,0,0,0,,0,0,C_ORPHAN_SYS_FILE_METADATA,candidate_for_metadata_review_no_auto_delete,yes
5d6e00cb-f2e3-124f-a1d3-b5db5da9cbe3,2019/11/14/5d6e00cb-f2e3-124f-a1d3-b5db5da9cbe3.pdf,2019-11-14,f,,pdf,45637,d1f86be60fdaefa4867a1ee6aa9dbf12,34,0,0,0,0,,0,0,C_ORPHAN_SYS_FILE_METADATA,candidate_for_metadata_review_no_auto_delete,yes
7393076d-ff20-2e41-e025-7fce452584f3,2019/11/14/7393076d-ff20-2e41-e025-7fce452584f3.pdf,2019-11-14,f,,pdf,117950,fd5283303ccdf8796e0da9f3742bf985,45,0,0,0,0,,0,0,C_ORPHAN_SYS_FILE_METADATA,candidate_for_metadata_review_no_auto_delete,yes
d4c5f296-3a7b-e1e0-acac-f9b32bb5fb4a,2019/11/14/d4c5f296-3a7b-e1e0-acac-f9b32bb5fb4a.pdf,2019-11-14,f,,pdf,117140,8d8e9c31f608dac31d69e8e2b6314920,58,0,0,0,0,,0,0,C_ORPHAN_SYS_FILE_METADATA,candidate_for_metadata_review_no_auto_delete,yes
dd9b20bf-8ec7-6e34-2075-acd2bf6970d5,2019/11/14/dd9b20bf-8ec7-6e34-2075-acd2bf6970d5.docx,2019-11-14,f,,docx,32187,10cd2db49efa377052a03b376c37f19d,48,0,0,0,0,,0,0,C_ORPHAN_SYS_FILE_METADATA,candidate_for_metadata_review_no_auto_delete,yes
190fd454-36fd-9201-8ff6-956cb7c95f2b,2019/11/15/190fd454-36fd-9201-8ff6-956cb7c95f2b.pdf,2019-11-15,f,,pdf,49516,8b2c02a05ae9262c7cf738e01eda25b7,37,0,0,0,0,,0,0,C_ORPHAN_SYS_FILE_METADATA,candidate_for_metadata_review_no_auto_delete,yes
5f8e2cf0-2a4c-f643-9ce8-abe083d050ec,2019/11/15/5f8e2cf0-2a4c-f643-9ce8-abe083d050ec.pdf,2019-11-15,f,,pdf,108069,fb6f3117801e8edcb2773890d739e36c,46,0,0,0,0,,0,0,C_ORPHAN_SYS_FILE_METADATA,candidate_for_metadata_review_no_auto_delete,yes
6b7a0484-33b3-2902-5aa3-8d0830a96521,2019/11/15/6b7a0484-33b3-2902-5aa3-8d0830a96521.pdf,2019-11-15,f,,pdf,108069,fb6f3117801e8edcb2773890d739e36c,46,0,0,0,0,,0,0,C_ORPHAN_SYS_FILE_METADATA,candidate_for_metadata_review_no_auto_delete,yes
6e81a17f-90f6-afe0-0db5-8e8e870d4768,2019/11/15/6e81a17f-90f6-afe0-0db5-8e8e870d4768.pdf,2019-11-15,f,,pdf,49516,8b2c02a05ae9262c7cf738e01eda25b7,37,0,0,0,0,,0,0,C_ORPHAN_SYS_FILE_METADATA,candidate_for_metadata_review_no_auto_delete,yes
b4a0acdf-7f6f-6dfb-2b7a-f17a4c21dfaa,2019/11/15/b4a0acdf-7f6f-6dfb-2b7a-f17a4c21dfaa.pdf,2019-11-15,f,,pdf,324483,ef730e3c839fb93e85e3ba3ecd8970d2,30,0,0,0,0,,0,0,C_ORPHAN_SYS_FILE_METADATA,candidate_for_metadata_review_no_auto_delete,yes
b4a2c72e-f37d-a670-adca-ba478dd2f2ba,2019/11/15/b4a2c72e-f37d-a670-adca-ba478dd2f2ba.pdf,2019-11-15,f,,pdf,33304,8cd7f0b2b28fd7998afb765adf8e8119,23,0,0,0,0,,0,0,C_ORPHAN_SYS_FILE_METADATA,candidate_for_metadata_review_no_auto_delete,yes
e27606e3-7efa-c5b2-3afa-66704c099d2a,2019/11/15/e27606e3-7efa-c5b2-3afa-66704c099d2a.pdf,2019-11-15,f,,pdf,49516,8b2c02a05ae9262c7cf738e01eda25b7,37,0,0,0,0,,0,0,C_ORPHAN_SYS_FILE_METADATA,candidate_for_metadata_review_no_auto_delete,yes
16d5e147-5f14-6d9e-7cfa-82e4e80c42f5,2019/11/18/16d5e147-5f14-6d9e-7cfa-82e4e80c42f5.pdf,2019-11-18,f,,pdf,123328,26048f5e2ab70e09c2e10fad362cc2b4,35,0,0,0,0,,0,0,C_ORPHAN_SYS_FILE_METADATA,candidate_for_metadata_review_no_auto_delete,yes
1a97482f-a6ac-4759-3ada-40814cf1fb65,2019/11/18/1a97482f-a6ac-4759-3ada-40814cf1fb65.pdf,2019-11-18,f,,pdf,115531,bf99c9bf36d5f2cc4661779a6319fbdf,50,0,0,0,0,,0,0,C_ORPHAN_SYS_FILE_METADATA,candidate_for_metadata_review_no_auto_delete,yes
3f177200-46fc-63b5-0958-efcc199bf972,2019/11/18/3f177200-46fc-63b5-0958-efcc199bf972.pdf,2019-11-18,f,,pdf,110978,b0b424e82d027c0bdbd83af77fabaa18,62,0,0,0,0,,0,0,C_ORPHAN_SYS_FILE_METADATA,candidate_for_metadata_review_no_auto_delete,yes
97af1379-ff6f-a39a-658b-34e1878cac1b,2019/11/18/97af1379-ff6f-a39a-658b-34e1878cac1b.pdf,2019-11-18,f,,pdf,89273,db3fff18c61e4a53a2357d0b66486d38,42,0,0,0,0,,0,0,C_ORPHAN_SYS_FILE_METADATA,candidate_for_metadata_review_no_auto_delete,yes
1b355b59-d10d-30ef-5a13-c82258ab8570,2019/11/19/1b355b59-d10d-30ef-5a13-c82258ab8570.pdf,2019-11-19,f,,pdf,130106,60a5db7adb6d7e0228c32453a9579f33,57,0,0,0,0,,0,0,C_ORPHAN_SYS_FILE_METADATA,candidate_for_metadata_review_no_auto_delete,yes
547b1d8c-456c-7cd6-45f4-48ccc05284ad,2019/11/19/547b1d8c-456c-7cd6-45f4-48ccc05284ad.pdf,2019-11-19,f,,pdf,130106,60a5db7adb6d7e0228c32453a9579f33,57,0,0,0,0,,0,0,C_ORPHAN_SYS_FILE_METADATA,candidate_for_metadata_review_no_auto_delete,yes
ce4804a5-365d-ecf6-ba62-d886c31c940a,2019/11/21/ce4804a5-365d-ecf6-ba62-d886c31c940a.pdf,2019-11-21,f,,pdf,76889,a0f4a51333cb66f11dcf0f6dd91d5982,39,0,0,0,0,,0,0,C_ORPHAN_SYS_FILE_METADATA,candidate_for_metadata_review_no_auto_delete,yes
904c199a-7196-7709-ee4f-9d19aa08988b,2019/11/22/904c199a-7196-7709-ee4f-9d19aa08988b.pdf,2019-11-22,f,,pdf,108505,97e905fd805d94f9f4b68ce8350dbe21,43,0,0,0,0,,0,0,C_ORPHAN_SYS_FILE_METADATA,candidate_for_metadata_review_no_auto_delete,yes
d1c41bb4-b8d9-c6d8-4b89-61b6688a12d9,2019/11/22/d1c41bb4-b8d9-c6d8-4b89-61b6688a12d9.pdf,2019-11-22,f,,pdf,33359,5761cbffd7d2ba7842b699c1ffbfe3ac,20,0,0,0,0,,0,0,C_ORPHAN_SYS_FILE_METADATA,candidate_for_metadata_review_no_auto_delete,yes
313b6490-ed4f-8d2d-6ca6-e38f56d68628,2019/11/25/313b6490-ed4f-8d2d-6ca6-e38f56d68628.pdf,2019-11-25,f,,pdf,233287,de2588bc433160a6a4f05edcb570c6f4,14,0,0,0,0,,0,0,C_ORPHAN_SYS_FILE_METADATA,candidate_for_metadata_review_no_auto_delete,yes
3aacb2a9-e87e-56dd-2da1-5af69b9d5400,2019/11/25/3aacb2a9-e87e-56dd-2da1-5af69b9d5400.pdf,2019-11-25,f,,pdf,36312,813b70c404e97fb66756caacded07944,37,0,0,0,0,,0,0,C_ORPHAN_SYS_FILE_METADATA,candidate_for_metadata_review_no_auto_delete,yes
3b4f75e1-e984-c76a-af2b-fd0ec6f8f556,2019/11/25/3b4f75e1-e984-c76a-af2b-fd0ec6f8f556.pdf,2019-11-25,f,,pdf,335759,35e1682efe6bd7bbcb7b023140288e30,33,0,0,0,0,,0,0,C_ORPHAN_SYS_FILE_METADATA,candidate_for_metadata_review_no_auto_delete,yes
899a7281-65c2-9a7b-60a4-36ef76492cde,2019/11/25/899a7281-65c2-9a7b-60a4-36ef76492cde.pdf,2019-11-25,f,,pdf,111221,02a11591a177626a782af5f87139180a,50,0,0,0,0,,0,0,C_ORPHAN_SYS_FILE_METADATA,candidate_for_metadata_review_no_auto_delete,yes
92c14cad-e5dc-3c6c-c37d-cc9aa5137168,2019/11/25/92c14cad-e5dc-3c6c-c37d-cc9aa5137168.pdf,2019-11-25,f,,pdf,335759,35e1682efe6bd7bbcb7b023140288e30,33,0,0,0,0,,0,0,C_ORPHAN_SYS_FILE_METADATA,candidate_for_metadata_review_no_auto_delete,yes
9ee0c8cd-0d39-cfb4-6f38-2ef75f3c83d1,2019/11/25/9ee0c8cd-0d39-cfb4-6f38-2ef75f3c83d1.pdf,2019-11-25,f,,pdf,255373,251aab825179e97177cca40884b8dcdf,49,0,0,0,0,,0,0,C_ORPHAN_SYS_FILE_METADATA,candidate_for_metadata_review_no_auto_delete,yes
4c74ba70-bd80-b57c-c673-0871367fc472,2019/11/26/4c74ba70-bd80-b57c-c673-0871367fc472.pdf,2019-11-26,f,,pdf,338319,e23f7db38bd9a13733697a28d675e049,53,0,0,0,0,,0,0,C_ORPHAN_SYS_FILE_METADATA,candidate_for_metadata_review_no_auto_delete,yes
6ce3b94e-5f4f-c55e-1004-0def8cf060d4,2019/11/26/6ce3b94e-5f4f-c55e-1004-0def8cf060d4.docx,2019-11-26,f,,docx,37779,657e7b3faddd734594312076d3a7f50c,25,0,0,0,0,,0,0,C_ORPHAN_SYS_FILE_METADATA,candidate_for_metadata_review_no_auto_delete,yes
049f5ad8-a6b3-4c0b-1535-4d5020962b4c,2019/11/27/049f5ad8-a6b3-4c0b-1535-4d5020962b4c.pdf,2019-11-27,f,,pdf,204522,6b55c4d84cac8489f7887d425c89cb55,50,1,1,0,1,public.hunttech_candidate_cv.original_file_cv_id,0,0,E_ACTIVE_LINKED_FILE_MISSING,business_owner_decision_required_before_stage_3,yes
1e756649-b8b3-f42c-dc36-dedc35395c4e,2019/11/27/1e756649-b8b3-f42c-dc36-dedc35395c4e.pdf,2019-11-27,f,,pdf,123328,26048f5e2ab70e09c2e10fad362cc2b4,35,1,1,0,1,public.hunttech_candidate_cv.file_cv_id,0,0,E_ACTIVE_LINKED_FILE_MISSING,business_owner_decision_required_before_stage_3,yes
aa25b3fd-4252-41b3-fd9c-28db43871ce4,2019/11/27/aa25b3fd-4252-41b3-fd9c-28db43871ce4.pdf,2019-11-27,f,,pdf,352443,ee326ff536c5d99a11519811a5446f1c,40,1,1,0,1,public.hunttech_candidate_cv.file_cv_id,0,0,E_ACTIVE_LINKED_FILE_MISSING,business_owner_decision_required_before_stage_3,yes
c823bb48-aca8-d35b-ec95-91eff06d83bb,2019/11/27/c823bb48-aca8-d35b-ec95-91eff06d83bb.pdf,2019-11-27,f,,pdf,310411,80908f010cf9fe0b03258c391431e034,41,1,1,0,1,public.hunttech_candidate_cv.file_cv_id,0,0,E_ACTIVE_LINKED_FILE_MISSING,business_owner_decision_required_before_stage_3,yes
e37c10a9-9f83-4e28-127d-cbd6fa8c9af4,2019/11/27/e37c10a9-9f83-4e28-127d-cbd6fa8c9af4.pdf,2019-11-27,f,,pdf,127728,94ef295280aca4649142794de1458b95,44,1,1,0,1,public.hunttech_candidate_cv.file_cv_id,0,0,E_ACTIVE_LINKED_FILE_MISSING,business_owner_decision_required_before_stage_3,yes
09e17f7c-80e7-35fe-08be-724a1b77f47c,2019/11/28/09e17f7c-80e7-35fe-08be-724a1b77f47c.pdf,2019-11-28,f,,pdf,734376,3de10f69134c05e7413ac3af20a1fa2e,51,0,0,0,0,,0,0,C_ORPHAN_SYS_FILE_METADATA,candidate_for_metadata_review_no_auto_delete,yes
46c69795-baed-c423-584a-266316d45cfc,2019/11/28/46c69795-baed-c423-584a-266316d45cfc.pdf,2019-11-28,f,,pdf,35158,c5bcea778b1fff8473a46e1d07247559,41,0,0,0,0,,0,0,C_ORPHAN_SYS_FILE_METADATA,candidate_for_metadata_review_no_auto_delete,yes
95530796-c671-35eb-9270-55a92e6ee04f,2019/11/28/95530796-c671-35eb-9270-55a92e6ee04f.doc,2019-11-28,f,,doc,22505,550d1523f8c538fa7077cab4cb7123a2,25,0,0,0,0,,0,0,C_ORPHAN_SYS_FILE_METADATA,candidate_for_metadata_review_no_auto_delete,yes
9faf1af9-425e-495b-c3bc-9ac1b633a243,2019/11/28/9faf1af9-425e-495b-c3bc-9ac1b633a243.pdf,2019-11-28,f,,pdf,734376,e00601596eedd874f034044dcdfe8ccf,41,1,1,0,1,public.hunttech_candidate_cv.original_file_cv_id,0,0,E_ACTIVE_LINKED_FILE_MISSING,business_owner_decision_required_before_stage_3,yes
e674c40c-b29d-f340-a6d8-0af9a65698f4,2019/11/28/e674c40c-b29d-f340-a6d8-0af9a65698f4.pdf,2019-11-28,f,,pdf,128296,2add1a52c0fb5276f656baef5b990637,63,0,0,0,0,,0,0,C_ORPHAN_SYS_FILE_METADATA,candidate_for_metadata_review_no_auto_delete,yes
f105082f-4ea0-4e19-6eb4-7718dfb53a78,2019/11/28/f105082f-4ea0-4e19-6eb4-7718dfb53a78.doc,2019-11-28,f,,doc,71339,1cc6e63eae44d2c977711bfe5ede2ae3,29,0,0,0,0,,0,0,C_ORPHAN_SYS_FILE_METADATA,candidate_for_metadata_review_no_auto_delete,yes
61872281-7801-3edd-3f84-c73afd44d3e2,2019/11/29/61872281-7801-3edd-3f84-c73afd44d3e2.rtf,2019-11-29,f,,rtf,1362425,89f5345326da50d4467259b5822deaae,51,0,0,0,0,,0,0,C_ORPHAN_SYS_FILE_METADATA,candidate_for_metadata_review_no_auto_delete,yes
955102cb-f7fa-a763-17b5-c4dd99c28dbd,2019/11/29/955102cb-f7fa-a763-17b5-c4dd99c28dbd.pdf,2019-11-29,f,,pdf,374628,6c33cf1f3c3de5e2cbd92bea734d6fd7,35,0,0,0,0,,0,0,C_ORPHAN_SYS_FILE_METADATA,candidate_for_metadata_review_no_auto_delete,yes
a69f80e2-15f3-1dce-f069-9ba184944626,2019/11/29/a69f80e2-15f3-1dce-f069-9ba184944626.doc,2019-11-29,f,,doc,136407,32c9c71ab2145acc67b879cf5552922f,41,1,1,0,1,public.hunttech_candidate_cv.original_file_cv_id,0,0,E_ACTIVE_LINKED_FILE_MISSING,business_owner_decision_required_before_stage_3,yes
da33890a-e344-ab0b-7704-b22a972aa30b,2019/11/29/da33890a-e344-ab0b-7704-b22a972aa30b.pdf,2019-11-29,f,,pdf,120004,36ae1b3ac85811e301c751b7542c4458,51,0,0,0,0,,0,0,C_ORPHAN_SYS_FILE_METADATA,candidate_for_metadata_review_no_auto_delete,yes
dbe99a8d-efcc-2af3-9f9a-00936ea84806,2019/11/29/dbe99a8d-efcc-2af3-9f9a-00936ea84806.rtf,2019-11-29,f,,rtf,1362425,89f5345326da50d4467259b5822deaae,51,1,1,0,1,public.hunttech_candidate_cv.original_file_cv_id,0,0,E_ACTIVE_LINKED_FILE_MISSING,business_owner_decision_required_before_stage_3,yes
37a52643-1f8a-c976-5d8b-a9a7a0e33037,2019/11/30/37a52643-1f8a-c976-5d8b-a9a7a0e33037.pdf,2019-11-30,f,,pdf,108069,fb6f3117801e8edcb2773890d739e36c,46,1,1,0,1,public.hunttech_candidate_cv.original_file_cv_id,0,0,E_ACTIVE_LINKED_FILE_MISSING,business_owner_decision_required_before_stage_3,yes
ef69aecc-d5e4-8c0d-748a-477004f52b93,2019/11/30/ef69aecc-d5e4-8c0d-748a-477004f52b93.pdf,2019-11-30,f,,pdf,350320,ef4dc9f24b4b4c3c11769b3425dfe7d3,16,1,1,0,1,public.hunttech_candidate_cv.original_file_cv_id,0,0,E_ACTIVE_LINKED_FILE_MISSING,business_owner_decision_required_before_stage_3,yes
2ee9d92f-7b0d-7eb9-f438-ec6f9e1f7420,2019/12/02/2ee9d92f-7b0d-7eb9-f438-ec6f9e1f7420.pdf,2019-12-02,f,,pdf,53327,7ae068aa10bf2f78ae2141511daa4f90,27,1,1,0,1,public.hunttech_candidate_cv.original_file_cv_id,0,0,E_ACTIVE_LINKED_FILE_MISSING,business_owner_decision_required_before_stage_3,yes
52ce6c17-78ea-7a1e-c90a-10583cf40998,2019/12/02/52ce6c17-78ea-7a1e-c90a-10583cf40998.pdf,2019-12-02,f,,pdf,118018,af2fb8f491ec36d1a6dcbe513cddba76,48,1,1,0,1,public.hunttech_candidate_cv.original_file_cv_id,0,0,E_ACTIVE_LINKED_FILE_MISSING,business_owner_decision_required_before_stage_3,yes
63e6eb30-40ea-8708-8dea-25065eb559b3,2019/12/02/63e6eb30-40ea-8708-8dea-25065eb559b3.pdf,2019-12-02,f,,pdf,129440,5335da0852fe28a4fb146f67e519f176,40,0,0,0,0,,0,0,C_ORPHAN_SYS_FILE_METADATA,candidate_for_metadata_review_no_auto_delete,yes
13180630-1471-016b-7c81-78dd246883ba,2019/12/03/13180630-1471-016b-7c81-78dd246883ba.pdf,2019-12-03,f,,pdf,320878,8febe0b07a4730d090c5511aca248347,22,0,0,0,0,,0,0,C_ORPHAN_SYS_FILE_METADATA,candidate_for_metadata_review_no_auto_delete,yes
d59a0eab-5509-4f0c-9e6b-5fce2aabc97f,2019/12/03/d59a0eab-5509-4f0c-9e6b-5fce2aabc97f.pdf,2019-12-03,f,,pdf,108161,d0f87c4bcdf3eaa4a69181c420360542,66,0,0,0,0,,0,0,C_ORPHAN_SYS_FILE_METADATA,candidate_for_metadata_review_no_auto_delete,yes
eb3682ab-77d8-cc77-bda7-d0d73ae06253,2019/12/04/eb3682ab-77d8-cc77-bda7-d0d73ae06253.pdf,2019-12-04,f,,pdf,181643,2d4c82282444cbd2369a1d1f342d8f51,32,1,1,0,1,public.hunttech_candidate_cv.original_file_cv_id,0,0,E_ACTIVE_LINKED_FILE_MISSING,business_owner_decision_required_before_stage_3,yes
d12ed057-bc6d-75f4-7d53-91af6b39879c,2019/12/05/d12ed057-bc6d-75f4-7d53-91af6b39879c.pdf,2019-12-05,f,,pdf,67950,834589bfc73a311df9e000466fe071c3,18,1,1,0,1,public.hunttech_candidate_cv.original_file_cv_id,0,0,E_ACTIVE_LINKED_FILE_MISSING,business_owner_decision_required_before_stage_3,yes
0f6c2cb6-0738-ad96-3267-2641eec2aff6,2019/12/06/0f6c2cb6-0738-ad96-3267-2641eec2aff6.pdf,2019-12-06,f,,pdf,388584,0e775450e53ef6cc81c9c0fb3866f787,32,1,1,0,1,public.hunttech_candidate_cv.original_file_cv_id,0,0,E_ACTIVE_LINKED_FILE_MISSING,business_owner_decision_required_before_stage_3,yes
319fb374-dd0d-bfba-95a5-68d72ed687c7,2019/12/06/319fb374-dd0d-bfba-95a5-68d72ed687c7.pdf,2019-12-06,f,,pdf,83949,9612b7432008a2c89f64c0e23f2bafb2,26,1,1,0,1,public.hunttech_candidate_cv.original_file_cv_id,0,0,E_ACTIVE_LINKED_FILE_MISSING,business_owner_decision_required_before_stage_3,yes
87dba1d4-0817-93f4-d132-e82652060c50,2019/12/06/87dba1d4-0817-93f4-d132-e82652060c50.pdf,2019-12-06,f,,pdf,35111,4abf41c5e2d806fa07c775fbe43edac9,36,1,1,0,1,public.hunttech_candidate_cv.original_file_cv_id,0,0,E_ACTIVE_LINKED_FILE_MISSING,business_owner_decision_required_before_stage_3,yes
ca282721-8a76-923f-896a-3946aeb10f9b,2019/12/06/ca282721-8a76-923f-896a-3946aeb10f9b.pdf,2019-12-06,f,,pdf,178884,51f0056193d3d4bde2f5082314298767,30,0,0,0,0,,0,0,C_ORPHAN_SYS_FILE_METADATA,candidate_for_metadata_review_no_auto_delete,yes
42a8e628-e8d4-1db4-3589-f01dc3d54aaa,2019/12/07/42a8e628-e8d4-1db4-3589-f01dc3d54aaa.doc,2019-12-07,f,,doc,183818,3509d4aa7245c310590b84f5aab49aea,28,1,1,0,1,public.hunttech_candidate_cv.original_file_cv_id,0,0,E_ACTIVE_LINKED_FILE_MISSING,business_owner_decision_required_before_stage_3,yes
76a6bd3e-2b76-fab1-dd9c-13f5676d4625,2019/12/07/76a6bd3e-2b76-fab1-dd9c-13f5676d4625.pdf,2019-12-07,f,,pdf,44118,f787cfc7183df67640a6a34404f38f37,36,1,1,0,1,public.hunttech_candidate_cv.original_file_cv_id,0,0,E_ACTIVE_LINKED_FILE_MISSING,business_owner_decision_required_before_stage_3,yes
843cd981-b7ed-9632-5f60-ef95bc024e5c,2019/12/07/843cd981-b7ed-9632-5f60-ef95bc024e5c.pdf,2019-12-07,f,,pdf,315483,612132bbf84406c69ff438bff2861150,31,1,1,0,1,public.hunttech_candidate_cv.original_file_cv_id,0,0,E_ACTIVE_LINKED_FILE_MISSING,business_owner_decision_required_before_stage_3,yes
a063e66a-34b0-e6c5-6ea2-8d89b39352e1,2019/12/08/a063e66a-34b0-e6c5-6ea2-8d89b39352e1.pdf,2019-12-08,f,,pdf,48522,b1b28caea362652f367928c4e1d9c756,20,1,1,0,1,public.hunttech_candidate_cv.original_file_cv_id,0,0,E_ACTIVE_LINKED_FILE_MISSING,business_owner_decision_required_before_stage_3,yes
5ed99cf1-f7e0-be64-b813-85f2f98b0f95,2019/12/09/5ed99cf1-f7e0-be64-b813-85f2f98b0f95.rtf,2019-12-09,f,,rtf,131966,fe5c20087fc711b9d9079aafd74e3e4c,30,1,1,0,1,public.hunttech_candidate_cv.original_file_cv_id,0,0,E_ACTIVE_LINKED_FILE_MISSING,business_owner_decision_required_before_stage_3,yes
d6797ac8-534f-a4ed-0bf0-9585b29604ad,2019/12/09/d6797ac8-534f-a4ed-0bf0-9585b29604ad.rtf,2019-12-09,f,,rtf,131966,fe5c20087fc711b9d9079aafd74e3e4c,30,0,0,0,0,,0,0,C_ORPHAN_SYS_FILE_METADATA,candidate_for_metadata_review_no_auto_delete,yes
01204a35-808f-eaf7-bacc-b2a165d91bd9,2019/12/10/01204a35-808f-eaf7-bacc-b2a165d91bd9.docx,2019-12-10,f,,docx,29622,4f2797d03a89a42e3714315710bbfaf3,26,1,1,0,1,public.hunttech_candidate_cv.original_file_cv_id,0,0,E_ACTIVE_LINKED_FILE_MISSING,business_owner_decision_required_before_stage_3,yes
67ce72e2-54ff-38e8-b558-884694d3ef85,2019/12/10/67ce72e2-54ff-38e8-b558-884694d3ef85.pdf,2019-12-10,f,,pdf,109481,b0fff33f8c59d1ed4f3c28e35c0d67b2,54,1,1,0,1,public.hunttech_candidate_cv.file_cv_id,0,0,E_ACTIVE_LINKED_FILE_MISSING,business_owner_decision_required_before_stage_3,yes
654d6bd2-4c7b-153e-d541-87a6ef40fa4f,2019/12/11/654d6bd2-4c7b-153e-d541-87a6ef40fa4f.pdf,2019-12-11,f,,pdf,43477,9bad0a78ba955069af25294c7eda6988,22,1,1,0,1,public.hunttech_candidate_cv.original_file_cv_id,0,0,E_ACTIVE_LINKED_FILE_MISSING,business_owner_decision_required_before_stage_3,yes
9657142f-f482-3255-9c5b-446257054d6c,2019/12/11/9657142f-f482-3255-9c5b-446257054d6c.pdf,2019-12-11,f,,pdf,118392,55656150b968d98905ddb25528fb4b59,53,1,1,0,1,public.hunttech_candidate_cv.original_file_cv_id,0,0,E_ACTIVE_LINKED_FILE_MISSING,business_owner_decision_required_before_stage_3,yes
d859e88d-8531-dc35-dff1-c1805df28503,2019/12/11/d859e88d-8531-dc35-dff1-c1805df28503.pdf,2019-12-11,f,,pdf,178884,51f0056193d3d4bde2f5082314298767,30,1,1,0,1,public.hunttech_candidate_cv.original_file_cv_id,0,0,E_ACTIVE_LINKED_FILE_MISSING,business_owner_decision_required_before_stage_3,yes
00884028-1608-42aa-916b-637b8698b601,2019/12/12/00884028-1608-42aa-916b-637b8698b601.rtf,2019-12-12,f,,rtf,106943,1737a030b3c5e7993ff849f23cd25557,24,1,1,0,1,public.hunttech_candidate_cv.original_file_cv_id,0,0,E_ACTIVE_LINKED_FILE_MISSING,business_owner_decision_required_before_stage_3,yes
138eab4c-ef7b-cc22-ab35-c4bc92193c1e,2019/12/12/138eab4c-ef7b-cc22-ab35-c4bc92193c1e.pdf,2019-12-12,f,,pdf,37773,cc8d7dabd173a326226a4f8f1648ee01,20,1,1,0,1,public.hunttech_candidate_cv.file_cv_id,0,0,E_ACTIVE_LINKED_FILE_MISSING,business_owner_decision_required_before_stage_3,yes
2baa3ee3-08fd-f37a-54f7-406cb0590422,2019/12/12/2baa3ee3-08fd-f37a-54f7-406cb0590422.pdf,2019-12-12,f,,pdf,124013,1e1215c89217ccb50f2eb6c3283ec61a,24,1,1,0,1,public.hunttech_candidate_cv.original_file_cv_id,0,0,E_ACTIVE_LINKED_FILE_MISSING,business_owner_decision_required_before_stage_3,yes
2e9f19ff-6a5d-aaa8-e5f0-1faa505280b5,2019/12/12/2e9f19ff-6a5d-aaa8-e5f0-1faa505280b5.pdf,2019-12-12,f,,pdf,31001,6d9d6bb52477c3e6409bceb92f967d53,21,0,0,0,0,,0,0,C_ORPHAN_SYS_FILE_METADATA,candidate_for_metadata_review_no_auto_delete,yes
a9105a9c-fec9-22b9-ccf2-302d1c0b5237,2019/12/12/a9105a9c-fec9-22b9-ccf2-302d1c0b5237.pdf,2019-12-12,f,,pdf,181609,79ae1731f428cdb9f450af4257110201,21,1,1,0,1,public.hunttech_candidate_cv.original_file_cv_id,0,0,E_ACTIVE_LINKED_FILE_MISSING,business_owner_decision_required_before_stage_3,yes
cfa6abf2-2115-6bc5-7e55-ec7e0f8abc3b,2019/12/12/cfa6abf2-2115-6bc5-7e55-ec7e0f8abc3b.pdf,2019-12-12,f,,pdf,75787,e636ed9d1a816bfcda61553f6fa20c99,28,1,1,0,1,public.hunttech_candidate_cv.file_cv_id,0,0,E_ACTIVE_LINKED_FILE_MISSING,business_owner_decision_required_before_stage_3,yes
d120a729-799a-3a55-4ce8-6c2ca350894a,2019/12/12/d120a729-799a-3a55-4ce8-6c2ca350894a.pdf,2019-12-12,f,,pdf,48700,45c1f97a08c8f37eeac37c364b642fc1,11,1,1,0,1,public.hunttech_candidate_cv.original_file_cv_id,0,0,E_ACTIVE_LINKED_FILE_MISSING,business_owner_decision_required_before_stage_3,yes
086ed92c-aa2e-1a62-09f7-dbd2b2b447a4,2019/12/13/086ed92c-aa2e-1a62-09f7-dbd2b2b447a4.pdf,2019-12-13,f,,pdf,29722,e4147092449f1c999cf0f6dbfd8eff5b,10,1,1,0,1,public.hunttech_candidate_cv.original_file_cv_id,0,0,E_ACTIVE_LINKED_FILE_MISSING,business_owner_decision_required_before_stage_3,yes
2ab76f35-fc73-d353-28eb-a167e1cd8d6b,2019/12/13/2ab76f35-fc73-d353-28eb-a167e1cd8d6b.doc,2019-12-13,f,,doc,91136,1327f2347e82f67aed081e1b28d6c02c,53,0,0,0,0,,0,0,C_ORPHAN_SYS_FILE_METADATA,candidate_for_metadata_review_no_auto_delete,yes
31e17f38-a889-a73a-1edc-40b5a5dcf734,2019/12/13/31e17f38-a889-a73a-1edc-40b5a5dcf734.pdf,2019-12-13,f,,pdf,3953940,8265bbc0fe79c14a9ede5e89387d7479,108,1,1,0,1,public.hunttech_candidate_cv.original_file_cv_id,0,0,E_ACTIVE_LINKED_FILE_MISSING,business_owner_decision_required_before_stage_3,yes
37227ea7-bc71-22ca-f509-98a210810b77,2019/12/13/37227ea7-bc71-22ca-f509-98a210810b77.pdf,2019-12-13,f,,pdf,9700564,d581d9bf2b9f75c36b22165d87af2469,96,1,1,0,1,public.hunttech_candidate_cv.original_file_cv_id,0,0,E_ACTIVE_LINKED_FILE_MISSING,business_owner_decision_required_before_stage_3,yes
94573b9b-ed57-e928-7259-e85f5c00bee1,2019/12/13/94573b9b-ed57-e928-7259-e85f5c00bee1.pdf,2019-12-13,f,,pdf,114569,eae7cffb030579df3d2267f50de3363d,30,1,1,0,1,public.hunttech_candidate_cv.original_file_cv_id,0,0,E_ACTIVE_LINKED_FILE_MISSING,business_owner_decision_required_before_stage_3,yes
76da219a-5ead-9713-ecbe-413e51f34526,2019/12/16/76da219a-5ead-9713-ecbe-413e51f34526.pdf,2019-12-16,f,,pdf,47003,ba4239035ac9a2f6ac998f243531560b,32,1,1,0,1,public.hunttech_candidate_cv.original_file_cv_id,0,0,E_ACTIVE_LINKED_FILE_MISSING,business_owner_decision_required_before_stage_3,yes
aaaf5394-db18-b608-4648-c1121240e3da,2019/12/16/aaaf5394-db18-b608-4648-c1121240e3da.rtf,2019-12-16,f,,rtf,209333,a75379cdab04d73e674db7ed5c82f169,29,1,1,0,1,public.hunttech_candidate_cv.original_file_cv_id,0,0,E_ACTIVE_LINKED_FILE_MISSING,business_owner_decision_required_before_stage_3,yes
af9981e3-1f2a-ef10-572f-f8f446a84b83,2019/12/16/af9981e3-1f2a-ef10-572f-f8f446a84b83.pdf,2019-12-16,f,,pdf,479655,c23c8f09f89b6f2821cb4bb13d392590,35,0,0,0,0,,0,0,C_ORPHAN_SYS_FILE_METADATA,candidate_for_metadata_review_no_auto_delete,yes
dfb8e636-4207-20be-920d-abb1038841d9,2019/12/16/dfb8e636-4207-20be-920d-abb1038841d9.pdf,2019-12-16,f,,pdf,39425,8dd79af5049a5b3cc9237b386a5c94b2,33,1,1,0,1,public.hunttech_candidate_cv.original_file_cv_id,0,0,E_ACTIVE_LINKED_FILE_MISSING,business_owner_decision_required_before_stage_3,yes
a5738aec-a90c-3d81-f281-cb90a536c6d0,2019/12/17/a5738aec-a90c-3d81-f281-cb90a536c6d0.pdf,2019-12-17,f,,pdf,42507,cf23e47655862fa95ae6a2e3398e8fbd,35,1,1,0,1,public.hunttech_candidate_cv.original_file_cv_id,0,0,E_ACTIVE_LINKED_FILE_MISSING,business_owner_decision_required_before_stage_3,yes
b5534d20-0ca4-fddd-ce16-958c82c7586a,2019/12/17/b5534d20-0ca4-fddd-ce16-958c82c7586a.pdf,2019-12-17,f,,pdf,42507,cf23e47655862fa95ae6a2e3398e8fbd,35,1,1,0,1,public.hunttech_candidate_cv.file_cv_id,0,0,E_ACTIVE_LINKED_FILE_MISSING,business_owner_decision_required_before_stage_3,yes
ce8202ce-682b-754c-c963-9d55fa648a23,2019/12/17/ce8202ce-682b-754c-c963-9d55fa648a23.docx,2019-12-17,f,,docx,26966,96bc30d585df6aacc0441b56fa3b983c,21,0,0,0,0,,0,0,C_ORPHAN_SYS_FILE_METADATA,candidate_for_metadata_review_no_auto_delete,yes
3bae1f33-e620-2127-bba2-332b43daf26b,2019/12/18/3bae1f33-e620-2127-bba2-332b43daf26b.doc,2019-12-18,f,,doc,66243,fc10c97be18c6ea169169a902e4e4939,30,1,1,0,1,public.hunttech_candidate_cv.original_file_cv_id,0,0,E_ACTIVE_LINKED_FILE_MISSING,business_owner_decision_required_before_stage_3,yes
60238939-2925-9c6c-d01e-d2eba4fa1f0c,2019/12/18/60238939-2925-9c6c-d01e-d2eba4fa1f0c.pdf,2019-12-18,f,,pdf,70374,2611164c46c2aedd141c7729ed10b4a3,45,1,1,0,1,public.hunttech_candidate_cv.original_file_cv_id,0,0,E_ACTIVE_LINKED_FILE_MISSING,business_owner_decision_required_before_stage_3,yes
734b4de4-ab29-408c-432a-ec15656d8160,2019/12/18/734b4de4-ab29-408c-432a-ec15656d8160.pdf,2019-12-18,f,,pdf,401844,265177b50c8eff41a41cd18f9a12928e,25,1,1,0,1,public.hunttech_candidate_cv.original_file_cv_id,0,0,E_ACTIVE_LINKED_FILE_MISSING,business_owner_decision_required_before_stage_3,yes
7d11e10e-77b4-92ef-6f87-84a1fa5e06e4,2019/12/18/7d11e10e-77b4-92ef-6f87-84a1fa5e06e4.pdf,2019-12-18,f,,pdf,333958,88f2122249b06f1b7337ef1ceab23860,52,0,0,0,0,,0,0,C_ORPHAN_SYS_FILE_METADATA,candidate_for_metadata_review_no_auto_delete,yes
b2108f33-b38b-4803-237b-5b33bfa4c264,2019/12/18/b2108f33-b38b-4803-237b-5b33bfa4c264.docx,2019-12-18,f,,docx,26966,95b9c6b9368dcacdc126dc8b8d321688,49,1,1,0,1,public.hunttech_candidate_cv.original_file_cv_id,0,0,E_ACTIVE_LINKED_FILE_MISSING,business_owner_decision_required_before_stage_3,yes
d2d1d368-38c5-b8da-b703-95d0a2ba45d3,2019/12/18/d2d1d368-38c5-b8da-b703-95d0a2ba45d3.pdf,2019-12-18,f,,pdf,65041,6f1e18e160bb792d505971b1e3b30249,14,1,1,0,1,public.hunttech_candidate_cv.original_file_cv_id,0,0,E_ACTIVE_LINKED_FILE_MISSING,business_owner_decision_required_before_stage_3,yes
da48d860-4017-21e9-e5a4-50a25c0eb366,2019/12/18/da48d860-4017-21e9-e5a4-50a25c0eb366.pdf,2019-12-18,f,,pdf,75787,f6a8734149e1a2af7a980781cb25dcfa,49,0,0,0,0,,0,0,C_ORPHAN_SYS_FILE_METADATA,candidate_for_metadata_review_no_auto_delete,yes
dd543e2b-b9e8-e6b9-7ce8-4ee8e25f7b70,2019/12/18/dd543e2b-b9e8-e6b9-7ce8-4ee8e25f7b70.doc,2019-12-18,f,,doc,46080,b7adc65618d78eb37aa400e89dd45d94,26,1,1,0,1,public.hunttech_candidate_cv.original_file_cv_id,0,0,E_ACTIVE_LINKED_FILE_MISSING,business_owner_decision_required_before_stage_3,yes
c5661493-acaa-f4f9-a80b-11baa0cd084d,2019/12/19/c5661493-acaa-f4f9-a80b-11baa0cd084d.pdf,2019-12-19,f,,pdf,37286,be4480b31621666e7e2930c2bb4992a3,45,0,0,0,0,,0,0,C_ORPHAN_SYS_FILE_METADATA,candidate_for_metadata_review_no_auto_delete,yes
cc953659-ed3b-139d-10e8-a60fcb5ca983,2019/12/20/cc953659-ed3b-139d-10e8-a60fcb5ca983.pdf,2019-12-20,f,,pdf,108505,97e905fd805d94f9f4b68ce8350dbe21,43,1,1,0,1,public.hunttech_some_files.file_descriptor_id,0,0,E_ACTIVE_LINKED_FILE_MISSING,business_owner_decision_required_before_stage_3,yes
12631b5d-6516-faf8-42c5-659bdeb09e15,2019/12/22/12631b5d-6516-faf8-42c5-659bdeb09e15.pdf,2019-12-22,f,,pdf,119266,3008c427d5d8a49f62278776d83e51dc,24,1,1,0,1,public.hunttech_candidate_cv.original_file_cv_id,0,0,E_ACTIVE_LINKED_FILE_MISSING,business_owner_decision_required_before_stage_3,yes
db849928-0198-c076-c602-643c8bd61486,2019/12/22/db849928-0198-c076-c602-643c8bd61486.pdf,2019-12-22,f,,pdf,736074,94dc0d4e29b93347ed5806aad3418a5c,21,1,1,0,1,public.hunttech_candidate_cv.original_file_cv_id,0,0,E_ACTIVE_LINKED_FILE_MISSING,business_owner_decision_required_before_stage_3,yes
0a16f94a-cd6e-4e39-4eb7-6050f2cc12fc,2019/12/23/0a16f94a-cd6e-4e39-4eb7-6050f2cc12fc.pdf,2019-12-23,f,,pdf,33196,98ed562e36f272abf2e9186920d3386c,27,1,1,0,1,public.hunttech_candidate_cv.original_file_cv_id,0,0,E_ACTIVE_LINKED_FILE_MISSING,business_owner_decision_required_before_stage_3,yes
24773128-684d-a7e2-bcab-7392885e3e97,2019/12/23/24773128-684d-a7e2-bcab-7392885e3e97.pdf,2019-12-23,f,,pdf,3953940,8265bbc0fe79c14a9ede5e89387d7479,108,1,1,0,1,public.hunttech_some_files.file_descriptor_id,0,0,E_ACTIVE_LINKED_FILE_MISSING,business_owner_decision_required_before_stage_3,yes
3d2bad12-d0f4-3da2-70de-08b04c4dae6f,2019/12/23/3d2bad12-d0f4-3da2-70de-08b04c4dae6f.pdf,2019-12-23,f,,pdf,9700564,d581d9bf2b9f75c36b22165d87af2469,96,1,1,0,1,public.hunttech_some_files.file_descriptor_id,0,0,E_ACTIVE_LINKED_FILE_MISSING,business_owner_decision_required_before_stage_3,yes
4495794c-5f31-0146-a083-49f88d3779f0,2019/12/23/4495794c-5f31-0146-a083-49f88d3779f0.docx,2019-12-23,f,,docx,34037,528c3f0c1c75cbe3253535cd29e6137d,49,1,1,0,1,public.hunttech_candidate_cv.original_file_cv_id,0,0,E_ACTIVE_LINKED_FILE_MISSING,business_owner_decision_required_before_stage_3,yes
663933f7-9460-382d-0119-109cbbe979d0,2019/12/23/663933f7-9460-382d-0119-109cbbe979d0.zip,2019-12-23,f,,zip,854556,433409076e705ac4842ada21f5913982,12,1,1,0,1,public.hunttech_some_files.file_descriptor_id,0,0,E_ACTIVE_LINKED_FILE_MISSING,business_owner_decision_required_before_stage_3,yes
f6852813-edb6-374e-b348-0e33a0123bfe,2019/12/23/f6852813-edb6-374e-b348-0e33a0123bfe.pdf,2019-12-23,f,,pdf,474750,114a47ca938adf7df112561bfa41b78d,23,1,1,0,1,public.hunttech_candidate_cv.original_file_cv_id,0,0,E_ACTIVE_LINKED_FILE_MISSING,business_owner_decision_required_before_stage_3,yes
14b06fcc-1ba3-b916-b40e-ea409b714e8a,2019/12/24/14b06fcc-1ba3-b916-b40e-ea409b714e8a.pdf,2019-12-24,f,,pdf,471088,da4184ee540d4a077da6ac6674fac4c8,21,1,1,0,1,public.hunttech_candidate_cv.original_file_cv_id,0,0,E_ACTIVE_LINKED_FILE_MISSING,business_owner_decision_required_before_stage_3,yes
47ad6ade-2354-6dd5-fd27-f75f8bafb7c3,2019/12/24/47ad6ade-2354-6dd5-fd27-f75f8bafb7c3.pdf,2019-12-24,f,,pdf,110120,2d0e4610c2703ab236aef199fafeaa8e,47,1,1,0,1,public.hunttech_some_files.file_descriptor_id,0,0,E_ACTIVE_LINKED_FILE_MISSING,business_owner_decision_required_before_stage_3,yes
7df30ebe-d25d-150d-7497-f188ca1feacc,2019/12/24/7df30ebe-d25d-150d-7497-f188ca1feacc.pdf,2019-12-24,f,,pdf,240113,d6101e633f4566781192c0a3bcbcdbab,16,1,1,0,1,public.hunttech_some_files.file_descriptor_id,0,0,E_ACTIVE_LINKED_FILE_MISSING,business_owner_decision_required_before_stage_3,yes
8c943931-cf83-b732-f44a-fe378e0815fe,2019/12/24/8c943931-cf83-b732-f44a-fe378e0815fe.pdf,2019-12-24,f,,pdf,119679,364ad0c075eda1bae01542f83fa48718,39,1,1,0,1,public.hunttech_some_files.file_descriptor_id,0,0,E_ACTIVE_LINKED_FILE_MISSING,business_owner_decision_required_before_stage_3,yes
a6c2cc82-fdaf-361c-aaa5-aae287821364,2019/12/24/a6c2cc82-fdaf-361c-aaa5-aae287821364.pdf,2019-12-24,f,,pdf,121225,b4c96b508a207956018a43ec9c459d8a,47,1,1,0,1,public.hunttech_some_files.file_descriptor_id,0,0,E_ACTIVE_LINKED_FILE_MISSING,business_owner_decision_required_before_stage_3,yes
c9db4ea8-329f-a553-2b59-d8379faec9ac,2019/12/24/c9db4ea8-329f-a553-2b59-d8379faec9ac.pdf,2019-12-24,f,,pdf,19424,5de4c490771380cbc8d3613986a53845,50,1,1,0,1,public.hunttech_some_files.file_descriptor_id,0,0,E_ACTIVE_LINKED_FILE_MISSING,business_owner_decision_required_before_stage_3,yes
88f3caac-492c-bf99-907e-e5d2098aa186,2019/12/25/88f3caac-492c-bf99-907e-e5d2098aa186.docx,2019-12-25,f,,docx,30679,72ec3252d2e4b8f44c9f139ffa66aabe,28,1,1,0,1,public.hunttech_candidate_cv.original_file_cv_id,0,0,E_ACTIVE_LINKED_FILE_MISSING,business_owner_decision_required_before_stage_3,yes
bc1c40cc-f043-9d73-d20c-eca8fc3f2dfe,2019/12/26/bc1c40cc-f043-9d73-d20c-eca8fc3f2dfe.pdf,2019-12-26,f,,pdf,45888,619a5e50f0dec002d7b38b8799341278,16,1,1,0,1,public.hunttech_candidate_cv.original_file_cv_id,0,0,E_ACTIVE_LINKED_FILE_MISSING,business_owner_decision_required_before_stage_3,yes
16a02691-63d3-60a6-8f64-5e537778f7bd,2019/12/27/16a02691-63d3-60a6-8f64-5e537778f7bd.pdf,2019-12-27,f,,pdf,2274285,ea456e8442aef9c052295fe104cbfd20,41,1,1,0,1,public.hunttech_some_files.file_descriptor_id,0,0,E_ACTIVE_LINKED_FILE_MISSING,business_owner_decision_required_before_stage_3,yes
8c4457a6-c009-f332-da53-9e8e137e5016,2019/12/27/8c4457a6-c009-f332-da53-9e8e137e5016.pdf,2019-12-27,f,,pdf,286975,6a5e5f2fcad09df8406661a9dc12bf96,23,1,1,0,1,public.hunttech_candidate_cv.original_file_cv_id,0,0,E_ACTIVE_LINKED_FILE_MISSING,business_owner_decision_required_before_stage_3,yes
d21c5d84-cffc-72e9-4718-083ddfff491c,2019/12/27/d21c5d84-cffc-72e9-4718-083ddfff491c.pdf,2019-12-27,f,,pdf,76891,811e87d868a678fffe414193f0d31cb9,26,1,1,0,1,public.hunttech_candidate_cv.original_file_cv_id,0,0,E_ACTIVE_LINKED_FILE_MISSING,business_owner_decision_required_before_stage_3,yes
5ad9f021-fcd9-125b-eeb1-4c09e34da84f,2020/01/13/5ad9f021-fcd9-125b-eeb1-4c09e34da84f.pdf,2020-01-13,f,,pdf,357003,9b525aa666b1ddb5adf822249be6ac0e,35,1,1,0,1,public.hunttech_candidate_cv.original_file_cv_id,0,0,E_ACTIVE_LINKED_FILE_MISSING,business_owner_decision_required_before_stage_3,yes
9bda6eb3-e843-bba4-ca68-9fb1e16eae2a,2020/01/13/9bda6eb3-e843-bba4-ca68-9fb1e16eae2a.pdf,2020-01-13,f,,pdf,35606,2bb2847ebaa8c92269a93fa5163979a8,19,0,0,0,0,,0,0,C_ORPHAN_SYS_FILE_METADATA,candidate_for_metadata_review_no_auto_delete,yes
342adc91-295b-d741-bac6-bbe928dc5dc0,2020/01/14/342adc91-295b-d741-bac6-bbe928dc5dc0.pdf,2020-01-14,f,,pdf,249337,7bb51c0963fc02ef93129e7bbb0c71af,36,1,1,0,1,public.hunttech_candidate_cv.original_file_cv_id,0,0,E_ACTIVE_LINKED_FILE_MISSING,business_owner_decision_required_before_stage_3,yes
52ed9700-2223-1042-eebf-d88e62049b30,2020/01/14/52ed9700-2223-1042-eebf-d88e62049b30.docx,2020-01-14,f,,docx,467243,f5ed7dac22e750d12d4e6b90dd70832d,23,1,1,0,1,public.hunttech_candidate_cv.original_file_cv_id,0,0,E_ACTIVE_LINKED_FILE_MISSING,business_owner_decision_required_before_stage_3,yes
a612fdfe-714d-2437-4d35-9aa035bbbd0e,2020/01/14/a612fdfe-714d-2437-4d35-9aa035bbbd0e.pdf,2020-01-14,f,,pdf,35289,f18f62444495406a45e1057367981097,17,1,1,0,1,public.hunttech_candidate_cv.original_file_cv_id,0,0,E_ACTIVE_LINKED_FILE_MISSING,business_owner_decision_required_before_stage_3,yes
fb1b23df-97cd-b272-8b3d-67ae73926eb3,2020/01/14/fb1b23df-97cd-b272-8b3d-67ae73926eb3.pdf,2020-01-14,f,,pdf,491428,f4f1106a879f4f31fe06db3e487fba37,29,1,1,0,1,public.hunttech_candidate_cv.original_file_cv_id,0,0,E_ACTIVE_LINKED_FILE_MISSING,business_owner_decision_required_before_stage_3,yes
0901dcd3-4c36-b605-1937-a7b430467115,2020/01/15/0901dcd3-4c36-b605-1937-a7b430467115.docx,2020-01-15,f,,docx,466501,42dea24ff4f8eb82fbf17357a313ab61,33,1,1,0,1,public.hunttech_candidate_cv.original_file_cv_id,0,0,E_ACTIVE_LINKED_FILE_MISSING,business_owner_decision_required_before_stage_3,yes
34e2962e-a957-e249-672b-e66aae6b32c6,2020/01/15/34e2962e-a957-e249-672b-e66aae6b32c6.pdf,2020-01-15,f,,pdf,137730,8623ceb79f118890cd85631f318bcbcc,36,1,1,0,1,public.hunttech_some_files.file_descriptor_id,0,0,E_ACTIVE_LINKED_FILE_MISSING,business_owner_decision_required_before_stage_3,yes
43ecf5ff-1fe9-1bd6-7617-2ec2e407cc23,2020/01/15/43ecf5ff-1fe9-1bd6-7617-2ec2e407cc23.pdf,2020-01-15,f,,pdf,444146,3f77f004554f01e6d2b99ae42783b1eb,22,1,1,0,1,public.hunttech_candidate_cv.original_file_cv_id,0,0,E_ACTIVE_LINKED_FILE_MISSING,business_owner_decision_required_before_stage_3,yes
55febaa0-d356-f243-0dbc-974e9d5c0d6d,2020/01/15/55febaa0-d356-f243-0dbc-974e9d5c0d6d.pdf,2020-01-15,f,,pdf,53183,32eba98705140d07317a9a1c4fb44f64,20,1,1,0,1,public.hunttech_candidate_cv.original_file_cv_id,0,0,E_ACTIVE_LINKED_FILE_MISSING,business_owner_decision_required_before_stage_3,yes
b841e8f1-a24b-21d5-cbdf-34b7d9b2103d,2020/01/15/b841e8f1-a24b-21d5-cbdf-34b7d9b2103d.pdf,2020-01-15,f,,pdf,318487,603840dce3504dee0c26c5f9bdebafb7,35,1,1,0,1,public.hunttech_candidate_cv.original_file_cv_id,0,0,E_ACTIVE_LINKED_FILE_MISSING,business_owner_decision_required_before_stage_3,yes
c2c39cb6-109e-2f09-bbf8-9eae3b143698,2020/01/15/c2c39cb6-109e-2f09-bbf8-9eae3b143698.pdf,2020-01-15,f,,pdf,38353,8c70a2d87bcd1790c390d63d88eb4195,21,1,1,0,1,public.hunttech_candidate_cv.original_file_cv_id,0,0,E_ACTIVE_LINKED_FILE_MISSING,business_owner_decision_required_before_stage_3,yes
d35e70d9-16ef-15df-2ac4-baf00d018250,2020/01/15/d35e70d9-16ef-15df-2ac4-baf00d018250.pdf,2020-01-15,f,,pdf,53183,bd086aaebbd329be1a4f6f00a11408c9,18,1,1,0,1,public.hunttech_candidate_cv.original_file_cv_id,0,0,E_ACTIVE_LINKED_FILE_MISSING,business_owner_decision_required_before_stage_3,yes
e8683c71-05ea-df7c-9d12-287329da7e2c,2020/01/15/e8683c71-05ea-df7c-9d12-287329da7e2c.pdf,2020-01-15,f,,pdf,318487,603840dce3504dee0c26c5f9bdebafb7,35,0,0,0,0,,0,0,C_ORPHAN_SYS_FILE_METADATA,candidate_for_metadata_review_no_auto_delete,yes
ee7449fb-223d-b839-9675-59cb08315160,2020/01/15/ee7449fb-223d-b839-9675-59cb08315160.pdf,2020-01-15,f,,pdf,137730,8623ceb79f118890cd85631f318bcbcc,36,1,1,0,1,public.hunttech_candidate_cv.original_file_cv_id,0,0,E_ACTIVE_LINKED_FILE_MISSING,business_owner_decision_required_before_stage_3,yes
f68c31e3-79a8-50f4-841b-23ea4ded300c,2020/01/15/f68c31e3-79a8-50f4-841b-23ea4ded300c.pdf,2020-01-15,f,,pdf,77013,d5fd746f60ae92bd28a3b618625673ad,25,1,1,0,1,public.hunttech_candidate_cv.original_file_cv_id,0,0,E_ACTIVE_LINKED_FILE_MISSING,business_owner_decision_required_before_stage_3,yes
033e1d61-a66c-fdaf-1841-331848db5d49,2020/01/17/033e1d61-a66c-fdaf-1841-331848db5d49.pdf,2020-01-17,f,,pdf,349367,48cd165a710ff3a5b24db8cfeb6af639,33,1,1,0,1,public.hunttech_candidate_cv.original_file_cv_id,0,0,E_ACTIVE_LINKED_FILE_MISSING,business_owner_decision_required_before_stage_3,yes
18667b03-1c73-0b9c-30ce-9263a33a2b24,2020/01/17/18667b03-1c73-0b9c-30ce-9263a33a2b24.pdf,2020-01-17,f,,pdf,39643,e1b1d106ca6bea23788532585149ef26,23,1,1,0,1,public.hunttech_candidate_cv.original_file_cv_id,0,0,E_ACTIVE_LINKED_FILE_MISSING,business_owner_decision_required_before_stage_3,yes
581cfb4a-f4f2-8803-76cb-57250a557786,2020/01/17/581cfb4a-f4f2-8803-76cb-57250a557786.pdf,2020-01-17,f,,pdf,52261,95f7ef8dc6b241b51b8577fbcdd082b9,15,1,1,0,1,public.hunttech_candidate_cv.original_file_cv_id,0,0,E_ACTIVE_LINKED_FILE_MISSING,business_owner_decision_required_before_stage_3,yes
c74b2b4e-9f76-8016-a224-5835351e9319,2020/01/17/c74b2b4e-9f76-8016-a224-5835351e9319.pdf,2020-01-17,f,,pdf,304728,bcf9b73cd4eb9775553e106b9500769d,25,1,1,0,1,public.hunttech_candidate_cv.original_file_cv_id,0,0,E_ACTIVE_LINKED_FILE_MISSING,business_owner_decision_required_before_stage_3,yes
f61452f9-86eb-d2c8-786c-0799ae4701cb,2020/01/17/f61452f9-86eb-d2c8-786c-0799ae4701cb.pdf,2020-01-17,f,,pdf,42584,717f94e8b5313cff29b699420c722991,15,1,1,0,1,public.hunttech_candidate_cv.original_file_cv_id,0,0,E_ACTIVE_LINKED_FILE_MISSING,business_owner_decision_required_before_stage_3,yes
303292cb-d4f0-8c29-1a57-a061d918629c,2020/01/20/303292cb-d4f0-8c29-1a57-a061d918629c.docx,2020-01-20,f,,docx,30679,1a39fa8595c3a77f80c4c52018a56610,28,1,1,0,1,public.hunttech_candidate_cv.original_file_cv_id,0,0,E_ACTIVE_LINKED_FILE_MISSING,business_owner_decision_required_before_stage_3,yes
4dd188db-c6a5-b2c6-a36e-29c2019dd6a9,2020/01/20/4dd188db-c6a5-b2c6-a36e-29c2019dd6a9.docx,2020-01-20,f,,docx,30679,1a39fa8595c3a77f80c4c52018a56610,28,1,1,0,1,public.hunttech_some_files.file_descriptor_id,0,0,E_ACTIVE_LINKED_FILE_MISSING,business_owner_decision_required_before_stage_3,yes
8e6d11bf-c646-ee56-b60b-41b9a5053f64,2020/01/20/8e6d11bf-c646-ee56-b60b-41b9a5053f64.pdf,2020-01-20,f,,pdf,214423,d58aa87ae654fb2fa1ab8df4b88f8987,25,1,1,0,1,public.hunttech_some_files.file_descriptor_id,0,0,E_ACTIVE_LINKED_FILE_MISSING,business_owner_decision_required_before_stage_3,yes
3dd6055b-b4b0-8dea-8394-ededb2622105,2020/01/21/3dd6055b-b4b0-8dea-8394-ededb2622105.docx,2020-01-21,f,,docx,815710,8ebd57f8de902079f2f97403a526fd39,31,1,1,0,1,public.hunttech_candidate_cv.original_file_cv_id,0,0,E_ACTIVE_LINKED_FILE_MISSING,business_owner_decision_required_before_stage_3,yes
a03deeeb-2dbf-0cf1-867d-251f85eee36c,2020/01/22/a03deeeb-2dbf-0cf1-867d-251f85eee36c.pdf,2020-01-22,f,,pdf,338553,59bb7dae4206bc99511b2610bfff0a67,20,1,1,0,1,public.hunttech_candidate_cv.original_file_cv_id,0,0,E_ACTIVE_LINKED_FILE_MISSING,business_owner_decision_required_before_stage_3,yes
cd3efa0e-1c69-9bd1-6fe9-5857d126c5a3,2020/01/24/cd3efa0e-1c69-9bd1-6fe9-5857d126c5a3.pdf,2020-01-24,f,,pdf,56732,984e9ef992948b9cea5010e45d298002,19,1,1,0,1,public.hunttech_candidate_cv.original_file_cv_id,0,0,E_ACTIVE_LINKED_FILE_MISSING,business_owner_decision_required_before_stage_3,yes
c931fa38-7a53-cd98-6bf0-4403afc6a341,2020/01/28/c931fa38-7a53-cd98-6bf0-4403afc6a341.odt,2020-01-28,f,,odt,19855,f25b780e18046cacae371c37ea6c5dea,29,1,1,0,1,public.hunttech_some_files.file_descriptor_id,0,0,E_ACTIVE_LINKED_FILE_MISSING,business_owner_decision_required_before_stage_3,yes
37b6898d-c0df-01fe-7711-22481bbed1f1,2020/02/06/37b6898d-c0df-01fe-7711-22481bbed1f1.pdf,2020-02-06,f,,pdf,45351,968ce3676e970d098e84d95ff037b12f,15,1,1,0,1,public.hunttech_candidate_cv.original_file_cv_id,0,0,E_ACTIVE_LINKED_FILE_MISSING,business_owner_decision_required_before_stage_3,yes
7b3f858a-6fdb-493e-ad38-a972324463cc,2020/02/06/7b3f858a-6fdb-493e-ad38-a972324463cc.pdf,2020-02-06,f,,pdf,56385,3764d5ea59e28020e0014dfec5a426f3,19,1,1,0,1,public.hunttech_candidate_cv.original_file_cv_id,0,0,E_ACTIVE_LINKED_FILE_MISSING,business_owner_decision_required_before_stage_3,yes
7e5ae833-a018-65b7-d824-62c65aa60762,2020/02/06/7e5ae833-a018-65b7-d824-62c65aa60762.pdf,2020-02-06,f,,pdf,40415,bed5d43e3643b68e17b13c574c66b7aa,38,1,1,0,1,public.hunttech_candidate_cv.original_file_cv_id,0,0,E_ACTIVE_LINKED_FILE_MISSING,business_owner_decision_required_before_stage_3,yes
af7a9824-6e25-9268-bc1a-047c16bbc684,2020/02/06/af7a9824-6e25-9268-bc1a-047c16bbc684.pdf,2020-02-06,f,,pdf,360859,f0ec921c64d1a82f5ace0fcae1e2f3fa,32,1,1,0,1,public.hunttech_candidate_cv.original_file_cv_id,0,0,E_ACTIVE_LINKED_FILE_MISSING,business_owner_decision_required_before_stage_3,yes
b7517ab3-f417-147d-115b-97db7cbd90ea,2020/02/06/b7517ab3-f417-147d-115b-97db7cbd90ea.pdf,2020-02-06,f,,pdf,44186,1dc6a396e2cf0fe4c563f7f984e0ae88,34,1,1,0,1,public.hunttech_candidate_cv.original_file_cv_id,0,0,E_ACTIVE_LINKED_FILE_MISSING,business_owner_decision_required_before_stage_3,yes
c288c6ec-5508-9124-df88-9ab576adeb0a,2020/02/06/c288c6ec-5508-9124-df88-9ab576adeb0a.pdf,2020-02-06,f,,pdf,66270,3d60f57e6a49cd327a7b478dff959306,16,1,1,0,1,public.hunttech_candidate_cv.original_file_cv_id,0,0,E_ACTIVE_LINKED_FILE_MISSING,business_owner_decision_required_before_stage_3,yes
cb7bd40d-03cd-08eb-eb2d-e2c2cf97515c,2020/02/06/cb7bd40d-03cd-08eb-eb2d-e2c2cf97515c.pdf,2020-02-06,f,,pdf,40004,46c120163b42c2f25e5498b387b2aca2,37,1,1,0,1,public.hunttech_candidate_cv.original_file_cv_id,0,0,E_ACTIVE_LINKED_FILE_MISSING,business_owner_decision_required_before_stage_3,yes
e5b54e02-3594-e9ac-5c60-9c8909c60ffa,2020/02/06/e5b54e02-3594-e9ac-5c60-9c8909c60ffa.pdf,2020-02-06,f,,pdf,43195,2a36d982101be892c3f229d2c20d7c23,36,1,1,0,1,public.hunttech_candidate_cv.original_file_cv_id,0,0,E_ACTIVE_LINKED_FILE_MISSING,business_owner_decision_required_before_stage_3,yes
9d98746b-364b-f64a-1abb-7ed61da8ef11,2020/02/07/9d98746b-364b-f64a-1abb-7ed61da8ef11.pdf,2020-02-07,f,,pdf,538192,227e3c11251d9af97ce23d53601158a1,25,0,0,0,0,,0,0,C_ORPHAN_SYS_FILE_METADATA,candidate_for_metadata_review_no_auto_delete,yes
0b1600b9-6b08-1acc-4038-35790ad2e8d0,2020/02/11/0b1600b9-6b08-1acc-4038-35790ad2e8d0.pdf,2020-02-11,f,,pdf,412837,5ca389357e80297ac2a8e132fb5dd078,62,1,1,0,1,public.hunttech_candidate_cv.original_file_cv_id,0,0,E_ACTIVE_LINKED_FILE_MISSING,business_owner_decision_required_before_stage_3,yes
0c6fcd0c-8959-e504-7029-bdb71daa6851,2020/02/11/0c6fcd0c-8959-e504-7029-bdb71daa6851.pdf,2020-02-11,f,,pdf,86330,a35a36d3d0f4895cbd3e3d308b4bedf3,37,0,0,0,0,,0,0,C_ORPHAN_SYS_FILE_METADATA,candidate_for_metadata_review_no_auto_delete,yes
151adc7a-2c8e-38b4-378a-221a00a6c49f,2020/02/11/151adc7a-2c8e-38b4-378a-221a00a6c49f.pdf,2020-02-11,f,,pdf,40415,f2de69fe3ac9fd70497edb92c8068903,24,1,1,0,1,public.hunttech_candidate_cv.original_file_cv_id,0,0,E_ACTIVE_LINKED_FILE_MISSING,business_owner_decision_required_before_stage_3,yes
5b528ca3-c22f-523d-113f-ef2840a6547b,2020/02/11/5b528ca3-c22f-523d-113f-ef2840a6547b.pdf,2020-02-11,f,,pdf,292100,ac30158e1f388c6989faa8f646ec1d20,28,1,1,0,1,public.hunttech_candidate_cv.original_file_cv_id,0,0,E_ACTIVE_LINKED_FILE_MISSING,business_owner_decision_required_before_stage_3,yes
8d355fa4-6b2d-41c8-10d5-6c7254d2436e,2020/02/11/8d355fa4-6b2d-41c8-10d5-6c7254d2436e.pdf,2020-02-11,f,,pdf,213496,692f7de5570dba3af6d3ce5c3fc0244e,35,1,1,0,1,public.hunttech_candidate_cv.original_file_cv_id,0,0,E_ACTIVE_LINKED_FILE_MISSING,business_owner_decision_required_before_stage_3,yes
c6c57144-45bb-ff3e-d47b-eec67d5f8411,2020/02/11/c6c57144-45bb-ff3e-d47b-eec67d5f8411.pdf,2020-02-11,f,,pdf,387437,bf5cb7fecaa40ef58df078a1d44093c5,33,1,1,0,1,public.hunttech_candidate_cv.original_file_cv_id,0,0,E_ACTIVE_LINKED_FILE_MISSING,business_owner_decision_required_before_stage_3,yes
e143dd85-ea30-f7d0-52b0-e6838cde1a4c,2020/02/11/e143dd85-ea30-f7d0-52b0-e6838cde1a4c.pdf,2020-02-11,f,,pdf,68434,610b7975cf04c6f5014fe5fa41636195,18,1,1,0,1,public.hunttech_candidate_cv.original_file_cv_id,0,0,E_ACTIVE_LINKED_FILE_MISSING,business_owner_decision_required_before_stage_3,yes
e9d2dd72-0182-edaf-5f04-5b7b9f78f235,2020/02/11/e9d2dd72-0182-edaf-5f04-5b7b9f78f235.doc,2020-02-11,f,,doc,154112,c88eca3e9bd5451866aefa1952c3ef5f,35,1,1,0,1,public.hunttech_candidate_cv.original_file_cv_id,0,0,E_ACTIVE_LINKED_FILE_MISSING,business_owner_decision_required_before_stage_3,yes
181ed9d1-a841-3c56-eb5c-dd495272f66a,2020/02/12/181ed9d1-a841-3c56-eb5c-dd495272f66a.pdf,2020-02-12,f,,pdf,48143,3c9a2023b15e979e78d3d61041c2781b,15,1,1,0,1,public.hunttech_candidate_cv.original_file_cv_id,0,0,E_ACTIVE_LINKED_FILE_MISSING,business_owner_decision_required_before_stage_3,yes
3827f926-610f-e488-7701-266de34f3a76,2020/02/12/3827f926-610f-e488-7701-266de34f3a76.pdf,2020-02-12,f,,pdf,49162,ca3930e62aea6f0fd4808f63b942145c,15,1,1,0,1,public.hunttech_candidate_cv.original_file_cv_id,0,0,E_ACTIVE_LINKED_FILE_MISSING,business_owner_decision_required_before_stage_3,yes
8893e73c-aa3d-c3ec-2862-aace06edf14e,2020/02/12/8893e73c-aa3d-c3ec-2862-aace06edf14e.pdf,2020-02-12,f,,pdf,35301,147b0be5210c941f31c926edc18e6f1e,20,1,1,0,1,public.hunttech_candidate_cv.original_file_cv_id,0,0,E_ACTIVE_LINKED_FILE_MISSING,business_owner_decision_required_before_stage_3,yes
b8bb02a2-e393-6dff-39af-38389e01b77e,2020/02/12/b8bb02a2-e393-6dff-39af-38389e01b77e.docx,2020-02-12,f,,docx,15447,ad20ed5730d50f972359cb23f6347b87,12,1,1,0,1,public.hunttech_candidate_cv.original_file_cv_id,0,0,E_ACTIVE_LINKED_FILE_MISSING,business_owner_decision_required_before_stage_3,yes
ec02453a-b214-2118-e80b-783898e150e2,2020/02/12/ec02453a-b214-2118-e80b-783898e150e2.docx,2020-02-12,f,,docx,19240,f8f87dbeef7d9f35ae611dfad96dde84,18,1,1,0,1,public.hunttech_candidate_cv.original_file_cv_id,0,0,E_ACTIVE_LINKED_FILE_MISSING,business_owner_decision_required_before_stage_3,yes
be2fcb35-cc38-a10d-c852-2543666bc188,2020/02/13/be2fcb35-cc38-a10d-c852-2543666bc188.docx,2020-02-13,f,,docx,21214,3009e29256234b65d0c9e6ac4bbd9ada,17,1,1,0,1,public.hunttech_candidate_cv.original_file_cv_id,0,0,E_ACTIVE_LINKED_FILE_MISSING,business_owner_decision_required_before_stage_3,yes
03dd7e89-1801-6331-3cba-e25d29da75a8,2020/02/14/03dd7e89-1801-6331-3cba-e25d29da75a8.docx,2020-02-14,f,,docx,4333,34cd26860d8f9c9c08ab718dc2767ab8,26,1,1,0,1,public.hunttech_candidate_cv.original_file_cv_id,0,0,E_ACTIVE_LINKED_FILE_MISSING,business_owner_decision_required_before_stage_3,yes
0dd6cf40-91c4-8518-eac5-65f11e3bdbb8,2020/02/14/0dd6cf40-91c4-8518-eac5-65f11e3bdbb8.pdf,2020-02-14,f,,pdf,60268,aab7da42ab13bf8fda6475b3b6050d48,15,1,1,0,1,public.hunttech_candidate_cv.original_file_cv_id,0,0,E_ACTIVE_LINKED_FILE_MISSING,business_owner_decision_required_before_stage_3,yes
568164a8-314a-53a6-1595-e01b2c874b09,2020/02/14/568164a8-314a-53a6-1595-e01b2c874b09.pdf,2020-02-14,f,,pdf,60268,aab7da42ab13bf8fda6475b3b6050d48,15,0,0,0,0,,0,0,C_ORPHAN_SYS_FILE_METADATA,candidate_for_metadata_review_no_auto_delete,yes
607d0757-d46a-64d4-85a5-f8c0535c93ca,2020/02/14/607d0757-d46a-64d4-85a5-f8c0535c93ca.pdf,2020-02-14,f,,pdf,319930,7331c0f0006579a76b4f0a38a91e8897,26,1,1,0,1,public.hunttech_candidate_cv.original_file_cv_id,0,0,E_ACTIVE_LINKED_FILE_MISSING,business_owner_decision_required_before_stage_3,yes
81b7f158-5c29-7eae-4866-0a6f1c5782dd,2020/02/14/81b7f158-5c29-7eae-4866-0a6f1c5782dd.docx,2020-02-14,f,,docx,4333,34cd26860d8f9c9c08ab718dc2767ab8,26,1,1,0,1,public.hunttech_some_files.file_descriptor_id,0,0,E_ACTIVE_LINKED_FILE_MISSING,business_owner_decision_required_before_stage_3,yes
de4e3402-90ce-db93-1f9d-5b2b7013af71,2020/02/14/de4e3402-90ce-db93-1f9d-5b2b7013af71.pdf,2020-02-14,f,,pdf,319930,7331c0f0006579a76b4f0a38a91e8897,26,1,1,0,1,public.hunttech_some_files.file_descriptor_id,0,0,E_ACTIVE_LINKED_FILE_MISSING,business_owner_decision_required_before_stage_3,yes
42f0dbb7-4fd5-57c2-cd82-8ddf7d30ab75,2020/02/17/42f0dbb7-4fd5-57c2-cd82-8ddf7d30ab75.pdf,2020-02-17,f,,pdf,42117,9f91400de5ebdfa2d12989791092012f,25,1,1,0,1,public.hunttech_candidate_cv.original_file_cv_id,0,0,E_ACTIVE_LINKED_FILE_MISSING,business_owner_decision_required_before_stage_3,yes
525bbd6b-9faf-1bd2-7931-0770b5e27059,2020/02/17/525bbd6b-9faf-1bd2-7931-0770b5e27059.pdf,2020-02-17,f,,pdf,46231,3c6e793ed1f85e804a5c5a2de3d4d4fe,36,1,1,0,1,public.hunttech_candidate_cv.original_file_cv_id,0,0,E_ACTIVE_LINKED_FILE_MISSING,business_owner_decision_required_before_stage_3,yes
567dd3ee-3c94-ea4c-8a9e-ff2d8932f13a,2020/02/17/567dd3ee-3c94-ea4c-8a9e-ff2d8932f13a.pdf,2020-02-17,f,,pdf,53174,7385b1bb5db0f1eb3961f834995b47d8,17,0,0,0,0,,0,0,C_ORPHAN_SYS_FILE_METADATA,candidate_for_metadata_review_no_auto_delete,yes
6c6f33a6-8d55-a755-a38a-e8587054bf89,2020/02/17/6c6f33a6-8d55-a755-a38a-e8587054bf89.pdf,2020-02-17,f,,pdf,51605,ab9bc2936eac444c2f985925d68a93aa,15,1,1,0,1,public.hunttech_candidate_cv.original_file_cv_id,0,0,E_ACTIVE_LINKED_FILE_MISSING,business_owner_decision_required_before_stage_3,yes
915a506d-3334-0d4c-eb82-27df9eb200d6,2020/02/17/915a506d-3334-0d4c-eb82-27df9eb200d6.pdf,2020-02-17,f,,pdf,51603,27ab1b76d0a6d4ed8532638ccf578c4e,15,0,0,0,0,,0,0,C_ORPHAN_SYS_FILE_METADATA,candidate_for_metadata_review_no_auto_delete,yes
a2209745-eeef-ba62-607d-9e6f6e7a02c0,2020/02/17/a2209745-eeef-ba62-607d-9e6f6e7a02c0.docx,2020-02-17,f,,docx,70323,85ac0acd851b025a78c43f02eef179fa,16,1,1,0,1,public.hunttech_candidate_cv.original_file_cv_id,0,0,E_ACTIVE_LINKED_FILE_MISSING,business_owner_decision_required_before_stage_3,yes
b7ea9569-7502-22a2-351b-b4feec6e1eb6,2020/02/17/b7ea9569-7502-22a2-351b-b4feec6e1eb6.docx,2020-02-17,f,,docx,119677,93e523a02cb5526910f8080858dacafd,25,1,1,0,1,public.hunttech_candidate_cv.original_file_cv_id,0,0,E_ACTIVE_LINKED_FILE_MISSING,business_owner_decision_required_before_stage_3,yes
fc202784-ca35-e441-c814-ec7733c52ce2,2020/02/17/fc202784-ca35-e441-c814-ec7733c52ce2.docx,2020-02-17,f,,docx,27483,0f738e830dd557fbab349bb58711396d,19,1,1,0,1,public.hunttech_candidate_cv.original_file_cv_id,0,0,E_ACTIVE_LINKED_FILE_MISSING,business_owner_decision_required_before_stage_3,yes
27d594ab-f253-b5a3-37bb-139657aa7bbd,2020/02/18/27d594ab-f253-b5a3-37bb-139657aa7bbd.pdf,2020-02-18,f,,pdf,391607,cc531b4024796a696fbaac00c7dc6f11,21,1,1,0,1,public.hunttech_candidate_cv.original_file_cv_id,0,0,E_ACTIVE_LINKED_FILE_MISSING,business_owner_decision_required_before_stage_3,yes
d21651a7-dca8-7e82-52a3-4a2840584cbd,2020/02/18/d21651a7-dca8-7e82-52a3-4a2840584cbd.pdf,2020-02-18,f,,pdf,518839,55b665c656eb038777b8172070778f38,32,1,1,0,1,public.hunttech_candidate_cv.original_file_cv_id,0,0,E_ACTIVE_LINKED_FILE_MISSING,business_owner_decision_required_before_stage_3,yes
ed2663cc-268d-5499-bd1d-4ff6a9a41cf0,2020/02/18/ed2663cc-268d-5499-bd1d-4ff6a9a41cf0.docx,2020-02-18,f,,docx,138498,c031465008ecb3b6dbd2247fb55c7259,21,1,1,0,1,public.hunttech_candidate_cv.original_file_cv_id,0,0,E_ACTIVE_LINKED_FILE_MISSING,business_owner_decision_required_before_stage_3,yes
0d7c646a-6f03-d18b-7e17-f005860fdd21,2020/02/19/0d7c646a-6f03-d18b-7e17-f005860fdd21.docx,2020-02-19,f,,docx,15487,b5ffa042017139edf365024ccef9250e,22,1,1,0,1,public.hunttech_candidate_cv.original_file_cv_id,0,0,E_ACTIVE_LINKED_FILE_MISSING,business_owner_decision_required_before_stage_3,yes
1e4d8ddb-9279-2760-1065-6b3d053da112,2020/02/19/1e4d8ddb-9279-2760-1065-6b3d053da112.pages,2020-02-19,f,,pages,249403,29209b4bc522be6b96e521d5401167ba,12,0,0,0,0,,0,0,C_ORPHAN_SYS_FILE_METADATA,candidate_for_metadata_review_no_auto_delete,yes
69801982-c436-7378-aeb5-12e2b4983854,2020/02/19/69801982-c436-7378-aeb5-12e2b4983854.png,2020-02-19,f,,png,88772,418e9848a2b812a034530d8c1da22635,17,0,0,0,0,,0,0,C_ORPHAN_SYS_FILE_METADATA,candidate_for_metadata_review_no_auto_delete,yes
758b2ea2-4260-b32a-7f0c-acb62d493a28,2020/02/19/758b2ea2-4260-b32a-7f0c-acb62d493a28.doc,2020-02-19,f,,doc,58880,d3a5e5e6d8e0f62bb594001f4d3d0b68,31,1,1,0,1,public.hunttech_some_files.file_descriptor_id,0,0,E_ACTIVE_LINKED_FILE_MISSING,business_owner_decision_required_before_stage_3,yes
8230bdfe-958c-de9f-d7c3-f965075e106c,2020/02/19/8230bdfe-958c-de9f-d7c3-f965075e106c.docx,2020-02-19,f,,docx,10319,9d8fc96f0d5a64813fc1ce6afe92b77d,11,1,1,0,1,public.hunttech_candidate_cv.original_file_cv_id,0,0,E_ACTIVE_LINKED_FILE_MISSING,business_owner_decision_required_before_stage_3,yes
941a3ab6-5ca3-787f-e872-d27f2f92cb0e,2020/02/19/941a3ab6-5ca3-787f-e872-d27f2f92cb0e.doc,2020-02-19,f,,doc,58880,d3a5e5e6d8e0f62bb594001f4d3d0b68,31,1,1,0,1,public.hunttech_candidate_cv.original_file_cv_id,0,0,E_ACTIVE_LINKED_FILE_MISSING,business_owner_decision_required_before_stage_3,yes
e41a2051-01b8-bb45-3f09-86d04d65ce2e,2020/02/19/e41a2051-01b8-bb45-3f09-86d04d65ce2e.pdf,2020-02-19,f,,pdf,39632,53972a9de77aad8a1d9cdb77e9d4a619,27,1,1,0,1,public.hunttech_candidate_cv.original_file_cv_id,0,0,E_ACTIVE_LINKED_FILE_MISSING,business_owner_decision_required_before_stage_3,yes
14600dbc-c64c-50e5-942b-d2ad42750590,2020/02/20/14600dbc-c64c-50e5-942b-d2ad42750590.docx,2020-02-20,f,,docx,17160,0b3264d10af6728738145fd980e0493d,27,1,1,0,1,public.hunttech_candidate_cv.original_file_cv_id,0,0,E_ACTIVE_LINKED_FILE_MISSING,business_owner_decision_required_before_stage_3,yes
b50738de-05c3-fe79-2cbd-007f43d7c810,2020/02/20/b50738de-05c3-fe79-2cbd-007f43d7c810.docx,2020-02-20,f,,docx,18877,95aa81da23f527602416208a7d7ab776,19,1,1,0,1,public.hunttech_candidate_cv.original_file_cv_id,0,0,E_ACTIVE_LINKED_FILE_MISSING,business_owner_decision_required_before_stage_3,yes
0ca056a4-a3fe-6af7-3949-0f76a4d3d385,2020/02/21/0ca056a4-a3fe-6af7-3949-0f76a4d3d385.pdf,2020-02-21,f,,pdf,110007,3ca4f9df74d526dd07b880f114f02d10,22,1,1,0,1,public.hunttech_candidate_cv.original_file_cv_id,0,0,E_ACTIVE_LINKED_FILE_MISSING,business_owner_decision_required_before_stage_3,yes
227a1d5d-2702-6ae4-f1a8-144eebdd424a,2020/02/21/227a1d5d-2702-6ae4-f1a8-144eebdd424a.pdf,2020-02-21,f,,pdf,110007,3ca4f9df74d526dd07b880f114f02d10,22,1,1,0,1,public.hunttech_some_files.file_descriptor_id,0,0,E_ACTIVE_LINKED_FILE_MISSING,business_owner_decision_required_before_stage_3,yes
28635049-ab1f-df84-1d04-02c7ea790f2e,2020/02/21/28635049-ab1f-df84-1d04-02c7ea790f2e.pdf,2020-02-21,f,,pdf,53294,199b0b85ecf12c3f80a853578cd5712d,16,1,1,0,1,public.hunttech_candidate_cv.original_file_cv_id,0,0,E_ACTIVE_LINKED_FILE_MISSING,business_owner_decision_required_before_stage_3,yes
66f93c33-e642-057a-ac4b-a3ac07cbb08e,2020/02/21/66f93c33-e642-057a-ac4b-a3ac07cbb08e.pdf,2020-02-21,f,,pdf,57031,9d9f346fcdbe9e464af4626bf2d0bb5b,16,1,1,0,1,public.hunttech_candidate_cv.original_file_cv_id,0,0,E_ACTIVE_LINKED_FILE_MISSING,business_owner_decision_required_before_stage_3,yes
a654274f-42cb-d3ea-096d-775c86063c11,2020/02/21/a654274f-42cb-d3ea-096d-775c86063c11.pdf,2020-02-21,f,,pdf,110007,3ca4f9df74d526dd07b880f114f02d10,22,1,1,0,1,public.hunttech_some_files.file_descriptor_id,0,0,E_ACTIVE_LINKED_FILE_MISSING,business_owner_decision_required_before_stage_3,yes
c528de25-0c16-fc79-70e5-0889f714a9e2,2020/02/21/c528de25-0c16-fc79-70e5-0889f714a9e2.pdf,2020-02-21,f,,pdf,328424,9cb3670e7498a25e7b86cc7fa4c339fb,11,1,1,0,1,public.hunttech_candidate_cv.original_file_cv_id,0,0,E_ACTIVE_LINKED_FILE_MISSING,business_owner_decision_required_before_stage_3,yes
480f203e-ad48-a2f0-c22f-82df1a688e2f,2020/02/25/480f203e-ad48-a2f0-c22f-82df1a688e2f.docx,2020-02-25,f,,docx,29000,c4ba60893e024f33b95181867341acee,18,1,1,0,1,public.hunttech_candidate_cv.original_file_cv_id,0,0,E_ACTIVE_LINKED_FILE_MISSING,business_owner_decision_required_before_stage_3,yes
b5ccc788-4a6a-f707-2422-9cd0885a634c,2020/02/25/b5ccc788-4a6a-f707-2422-9cd0885a634c.pdf,2020-02-25,f,,pdf,47894,9787a186843523371bc839cf522ad508,16,1,1,0,1,public.hunttech_candidate_cv.original_file_cv_id,0,0,E_ACTIVE_LINKED_FILE_MISSING,business_owner_decision_required_before_stage_3,yes
3fe103ad-bff2-8776-d0ac-6f11765b1c58,2020/02/26/3fe103ad-bff2-8776-d0ac-6f11765b1c58.pdf,2020-02-26,f,,pdf,37988,54adee53f5f6186a71d404ed33877a1d,21,1,1,0,1,public.hunttech_candidate_cv.original_file_cv_id,0,0,E_ACTIVE_LINKED_FILE_MISSING,business_owner_decision_required_before_stage_3,yes
607877b1-f99d-8920-7e52-d4cebf419003,2020/02/26/607877b1-f99d-8920-7e52-d4cebf419003.pdf,2020-02-26,f,,pdf,257501,ae90efccc466b0a1497112a107b62501,38,1,1,0,1,public.hunttech_candidate_cv.original_file_cv_id,0,0,E_ACTIVE_LINKED_FILE_MISSING,business_owner_decision_required_before_stage_3,yes
66104a4a-8109-b50f-fdb2-685490d4c999,2020/02/26/66104a4a-8109-b50f-fdb2-685490d4c999.pdf,2020-02-26,f,,pdf,38496,1ffb37814d09c012a62258de1856b0a0,6,1,1,0,1,public.hunttech_candidate_cv.original_file_cv_id,0,0,E_ACTIVE_LINKED_FILE_MISSING,business_owner_decision_required_before_stage_3,yes
aa813787-2fd1-e3d2-43a1-a91831c235d9,2020/02/26/aa813787-2fd1-e3d2-43a1-a91831c235d9.pdf,2020-02-26,f,,pdf,189920,1aaf316a2948a0184a1d69dab817c21a,38,1,1,0,1,public.hunttech_candidate_cv.original_file_cv_id,0,0,E_ACTIVE_LINKED_FILE_MISSING,business_owner_decision_required_before_stage_3,yes
50562b62-3c8b-75e9-a428-23dbeb81f122,2020/02/27/50562b62-3c8b-75e9-a428-23dbeb81f122.pdf,2020-02-27,f,,pdf,61960,dbdbd7eef39f6820d2960c28e9164a02,23,1,1,0,1,public.hunttech_some_files.file_descriptor_id,0,0,E_ACTIVE_LINKED_FILE_MISSING,business_owner_decision_required_before_stage_3,yes
96a05e07-2aaf-273d-393d-08e9bd5203ce,2020/02/27/96a05e07-2aaf-273d-393d-08e9bd5203ce.pdf,2020-02-27,f,,pdf,51240,beddbc07176d5f82f9e33b5b1a567190,22,1,1,0,1,public.hunttech_candidate_cv.original_file_cv_id,0,0,E_ACTIVE_LINKED_FILE_MISSING,business_owner_decision_required_before_stage_3,yes
c3a9e460-f48b-b924-7070-9140993c3fa7,2020/02/27/c3a9e460-f48b-b924-7070-9140993c3fa7.pdf,2020-02-27,f,,pdf,61960,dbdbd7eef39f6820d2960c28e9164a02,23,1,1,0,1,public.hunttech_candidate_cv.original_file_cv_id,0,0,E_ACTIVE_LINKED_FILE_MISSING,business_owner_decision_required_before_stage_3,yes
0409ffb3-6665-913c-fb00-353c1d37db49,2020/02/28/0409ffb3-6665-913c-fb00-353c1d37db49.pdf,2020-02-28,f,,pdf,321461,30129aafbbda2d4616f4b743bd734566,32,1,1,0,1,public.hunttech_candidate_cv.original_file_cv_id,0,0,E_ACTIVE_LINKED_FILE_MISSING,business_owner_decision_required_before_stage_3,yes
37a7d579-ff04-e3fb-2b04-73286b1de58e,2020/02/28/37a7d579-ff04-e3fb-2b04-73286b1de58e.odt,2020-02-28,f,,odt,20039,77c5e1d9c151d32ef211d97a65e67ca5,49,1,1,0,1,public.hunttech_candidate_cv.original_file_cv_id,0,0,E_ACTIVE_LINKED_FILE_MISSING,business_owner_decision_required_before_stage_3,yes
5aae3bda-3ff1-ae23-b586-29fc683e2d5f,2020/02/28/5aae3bda-3ff1-ae23-b586-29fc683e2d5f.docx,2020-02-28,f,,docx,13972,b17bd8d6da0737eb114a6add54770e98,25,1,1,0,1,public.hunttech_some_files.file_descriptor_id,0,0,E_ACTIVE_LINKED_FILE_MISSING,business_owner_decision_required_before_stage_3,yes
69dc5625-6ea0-b44f-11bf-b798cf60adb2,2020/02/28/69dc5625-6ea0-b44f-11bf-b798cf60adb2.pdf,2020-02-28,f,,pdf,69296,e1ce014ad5f6043b497a798159f5306f,19,0,0,0,0,,0,0,C_ORPHAN_SYS_FILE_METADATA,candidate_for_metadata_review_no_auto_delete,yes
817d21a7-2049-99f0-551e-a95ebe629bb1,2020/02/28/817d21a7-2049-99f0-551e-a95ebe629bb1.docx,2020-02-28,f,,docx,24298,0230209b8f0331c5887a0dc7ad82b503,30,1,1,0,1,public.hunttech_some_files.file_descriptor_id,0,0,E_ACTIVE_LINKED_FILE_MISSING,business_owner_decision_required_before_stage_3,yes
827876a0-66ad-a766-5f8e-712b1f78fdf5,2020/02/28/827876a0-66ad-a766-5f8e-712b1f78fdf5.pdf,2020-02-28,f,,pdf,32783,4fb7aad9a46ea05d1ebd268262baaf06,22,1,1,0,1,public.hunttech_candidate_cv.original_file_cv_id,0,0,E_ACTIVE_LINKED_FILE_MISSING,business_owner_decision_required_before_stage_3,yes
b20fa61d-409e-9152-8ad8-de0632b47df1,2020/02/28/b20fa61d-409e-9152-8ad8-de0632b47df1.docx,2020-02-28,f,,docx,24298,0230209b8f0331c5887a0dc7ad82b503,30,1,1,0,1,public.hunttech_candidate_cv.original_file_cv_id,0,0,E_ACTIVE_LINKED_FILE_MISSING,business_owner_decision_required_before_stage_3,yes
cdcace05-74f1-d073-2e76-8ebceb401fda,2020/02/28/cdcace05-74f1-d073-2e76-8ebceb401fda.pdf,2020-02-28,f,,pdf,69296,e1ce014ad5f6043b497a798159f5306f,19,0,0,0,0,,0,0,C_ORPHAN_SYS_FILE_METADATA,candidate_for_metadata_review_no_auto_delete,yes
e0751de0-95a9-6981-0134-44ae7d4cd3d0,2020/02/28/e0751de0-95a9-6981-0134-44ae7d4cd3d0.pdf,2020-02-28,f,,pdf,46673,f6246874d1fd28f4488c2b868a350efd,30,1,1,0,1,public.hunttech_candidate_cv.original_file_cv_id,0,0,E_ACTIVE_LINKED_FILE_MISSING,business_owner_decision_required_before_stage_3,yes
e3b9386a-c41e-4281-6bda-4d67eaf40415,2020/02/28/e3b9386a-c41e-4281-6bda-4d67eaf40415.docx,2020-02-28,f,,docx,25086,68662e9b570e9e8beee45992180b46f3,47,1,1,0,1,public.hunttech_candidate_cv.original_file_cv_id,0,0,E_ACTIVE_LINKED_FILE_MISSING,business_owner_decision_required_before_stage_3,yes
16295666-ba38-f434-f952-7537f267210d,2020/03/01/16295666-ba38-f434-f952-7537f267210d.pdf,2020-03-01,f,,pdf,49641,4bfce2e2595674b9f13230de4b9c1ba0,16,0,0,0,0,,0,0,C_ORPHAN_SYS_FILE_METADATA,candidate_for_metadata_review_no_auto_delete,yes
1da2d7f7-1f98-6f2d-2867-16ba51cc00e2,2020/03/02/1da2d7f7-1f98-6f2d-2867-16ba51cc00e2.pdf,2020-03-02,f,,pdf,75414,f13633a2fe5a6312540ece3b796cc22e,30,1,1,0,1,public.hunttech_candidate_cv.original_file_cv_id,0,0,E_ACTIVE_LINKED_FILE_MISSING,business_owner_decision_required_before_stage_3,yes
6d6bfeb4-c938-b348-a210-b581e7093a53,2020/03/02/6d6bfeb4-c938-b348-a210-b581e7093a53.pdf,2020-03-02,f,,pdf,135216,4400354b520eba2c45ab92b0a271ecf2,43,1,1,0,1,public.hunttech_candidate_cv.file_cv_id,0,0,E_ACTIVE_LINKED_FILE_MISSING,business_owner_decision_required_before_stage_3,yes
ed44507e-992b-6ed3-b1ad-4acd1eba1d63,2020/03/02/ed44507e-992b-6ed3-b1ad-4acd1eba1d63.pdf,2020-03-02,f,,pdf,77030,cea919ac91d6033496dd3b1869039de0,32,0,0,0,0,,0,0,C_ORPHAN_SYS_FILE_METADATA,candidate_for_metadata_review_no_auto_delete,yes
1482e85e-4f88-0d13-b3fe-559aa0498f45,2020/03/03/1482e85e-4f88-0d13-b3fe-559aa0498f45.pdf,2020-03-03,f,,pdf,40857,ad08a6cbf0caab7c3f5eec33dc82d601,19,1,1,0,1,public.hunttech_candidate_cv.original_file_cv_id,0,0,E_ACTIVE_LINKED_FILE_MISSING,business_owner_decision_required_before_stage_3,yes
d08af950-311f-b2bf-4364-088035153358,2020/03/03/d08af950-311f-b2bf-4364-088035153358.pdf,2020-03-03,f,,pdf,39564,f31478525c217f416fb2cf9ee1119dff,16,1,1,0,1,public.hunttech_candidate_cv.original_file_cv_id,0,0,E_ACTIVE_LINKED_FILE_MISSING,business_owner_decision_required_before_stage_3,yes
d0c52157-8ee5-832e-f40b-be5ba389e332,2020/03/03/d0c52157-8ee5-832e-f40b-be5ba389e332.pdf,2020-03-03,f,,pdf,211522,63ddced6e4c01e9d5f810d40ec0715c5,37,1,1,0,1,public.hunttech_candidate_cv.original_file_cv_id,0,0,E_ACTIVE_LINKED_FILE_MISSING,business_owner_decision_required_before_stage_3,yes
f847cbbf-c1cb-4095-3a71-5f579bd9ff5e,2020/03/03/f847cbbf-c1cb-4095-3a71-5f579bd9ff5e.pdf,2020-03-03,f,,pdf,45880,629932216495c05d193d25cd82f3b22c,11,0,0,0,0,,0,0,C_ORPHAN_SYS_FILE_METADATA,candidate_for_metadata_review_no_auto_delete,yes
0b355806-1412-2c52-d4ad-2a34878e7a5d,2020/03/05/0b355806-1412-2c52-d4ad-2a34878e7a5d.pdf,2020-03-05,f,,pdf,168786,6f50959b5855b01933a1d6e512b62093,36,1,1,0,1,public.hunttech_candidate_cv.original_file_cv_id,0,0,E_ACTIVE_LINKED_FILE_MISSING,business_owner_decision_required_before_stage_3,yes
54fecb51-48a7-7389-4f7a-35d9c1f7eade,2020/03/05/54fecb51-48a7-7389-4f7a-35d9c1f7eade.pdf,2020-03-05,f,,pdf,35606,87b85bc08f10e6739a99ec7444fa7ddd,18,1,1,0,1,public.hunttech_candidate_cv.original_file_cv_id,0,0,E_ACTIVE_LINKED_FILE_MISSING,business_owner_decision_required_before_stage_3,yes
b2967f70-4bbd-8a68-b4e0-266e2a5e71df,2020/03/05/b2967f70-4bbd-8a68-b4e0-266e2a5e71df.pdf,2020-03-05,f,,pdf,35606,87b85bc08f10e6739a99ec7444fa7ddd,18,0,0,0,0,,0,0,C_ORPHAN_SYS_FILE_METADATA,candidate_for_metadata_review_no_auto_delete,yes
b2de8b10-eab9-194a-19a2-9f19340ecd9f,2020/03/05/b2de8b10-eab9-194a-19a2-9f19340ecd9f.pdf,2020-03-05,f,,pdf,35606,87b85bc08f10e6739a99ec7444fa7ddd,18,0,0,0,0,,0,0,C_ORPHAN_SYS_FILE_METADATA,candidate_for_metadata_review_no_auto_delete,yes
baaf3be7-3915-3415-6ed2-c4e745debbab,2020/03/05/baaf3be7-3915-3415-6ed2-c4e745debbab.pdf,2020-03-05,f,,pdf,39395,d4c614b0eb74a876f31ab2c997c766dc,33,1,1,0,1,public.hunttech_candidate_cv.original_file_cv_id,0,0,E_ACTIVE_LINKED_FILE_MISSING,business_owner_decision_required_before_stage_3,yes
ffc2ebf8-b128-2cfe-7b65-82972459a0fb,2020/03/05/ffc2ebf8-b128-2cfe-7b65-82972459a0fb.pdf,2020-03-05,f,,pdf,35606,87b85bc08f10e6739a99ec7444fa7ddd,18,0,0,0,0,,0,0,C_ORPHAN_SYS_FILE_METADATA,candidate_for_metadata_review_no_auto_delete,yes
25dbbd97-5bf1-183c-b572-ec4f8619e2c3,2020/03/06/25dbbd97-5bf1-183c-b572-ec4f8619e2c3.pdf,2020-03-06,f,,pdf,51712,e17bf51b43b40068b888cec1c1aed310,25,0,0,0,0,,0,0,C_ORPHAN_SYS_FILE_METADATA,candidate_for_metadata_review_no_auto_delete,yes
4c09d86f-c5f5-1869-017c-a93324818c7f,2020/03/06/4c09d86f-c5f5-1869-017c-a93324818c7f.doc,2020-03-06,f,,doc,166298,72b27b33741ac8ba535cc0feb4e00613,44,0,0,0,0,,0,0,C_ORPHAN_SYS_FILE_METADATA,candidate_for_metadata_review_no_auto_delete,yes
5d90ff33-8ab7-3364-bf3f-d2c679cfb197,2020/03/06/5d90ff33-8ab7-3364-bf3f-d2c679cfb197.doc,2020-03-06,f,,doc,120506,dec52137d3ccb76ef7b5a51c3d9fea20,39,0,0,0,0,,0,0,C_ORPHAN_SYS_FILE_METADATA,candidate_for_metadata_review_no_auto_delete,yes
6d9ed966-d5ae-ab15-a10e-45829b57b470,2020/03/06/6d9ed966-d5ae-ab15-a10e-45829b57b470.pdf,2020-03-06,f,,pdf,51712,e17bf51b43b40068b888cec1c1aed310,25,1,1,0,1,public.hunttech_candidate_cv.original_file_cv_id,0,0,E_ACTIVE_LINKED_FILE_MISSING,business_owner_decision_required_before_stage_3,yes
add9d320-d2db-5f3f-5c63-e203ddd63735,2020/03/06/add9d320-d2db-5f3f-5c63-e203ddd63735.doc,2020-03-06,f,,doc,117859,98c6757799427d530cd4c29a5e12d28a,20,0,0,0,0,,0,0,C_ORPHAN_SYS_FILE_METADATA,candidate_for_metadata_review_no_auto_delete,yes
ae2f68b7-0b23-5b1f-a585-0d23ac3572ff,2020/03/06/ae2f68b7-0b23-5b1f-a585-0d23ac3572ff.pdf,2020-03-06,f,,pdf,45365,ad6be33b319079a7def9961fc1b69859,32,0,0,0,0,,0,0,C_ORPHAN_SYS_FILE_METADATA,candidate_for_metadata_review_no_auto_delete,yes
bd24292d-e861-5a83-93e1-0ee07a70f026,2020/03/06/bd24292d-e861-5a83-93e1-0ee07a70f026.pdf,2020-03-06,f,,pdf,51712,e17bf51b43b40068b888cec1c1aed310,25,0,0,0,0,,0,0,C_ORPHAN_SYS_FILE_METADATA,candidate_for_metadata_review_no_auto_delete,yes
c72d80f5-3895-6d04-ca8b-0a2e36b8bd97,2020/03/06/c72d80f5-3895-6d04-ca8b-0a2e36b8bd97.doc,2020-03-06,f,,doc,117859,98c6757799427d530cd4c29a5e12d28a,20,1,1,0,1,public.hunttech_candidate_cv.original_file_cv_id,0,0,E_ACTIVE_LINKED_FILE_MISSING,business_owner_decision_required_before_stage_3,yes
e6578289-62cb-92bf-70cc-98772f6db9ed,2020/03/06/e6578289-62cb-92bf-70cc-98772f6db9ed.pdf,2020-03-06,f,,pdf,51712,e17bf51b43b40068b888cec1c1aed310,25,1,1,0,1,public.hunttech_some_files.file_descriptor_id,0,0,E_ACTIVE_LINKED_FILE_MISSING,business_owner_decision_required_before_stage_3,yes
eb664d47-6f65-3609-e4d3-c2e0c2a6e336,2020/03/06/eb664d47-6f65-3609-e4d3-c2e0c2a6e336.pdf,2020-03-06,f,,pdf,45365,ad6be33b319079a7def9961fc1b69859,32,0,0,0,0,,0,0,C_ORPHAN_SYS_FILE_METADATA,candidate_for_metadata_review_no_auto_delete,yes
f13d049c-38bc-49af-e42f-254a08102a82,2020/03/06/f13d049c-38bc-49af-e42f-254a08102a82.pdf,2020-03-06,f,,pdf,51712,e17bf51b43b40068b888cec1c1aed310,25,0,0,0,0,,0,0,C_ORPHAN_SYS_FILE_METADATA,candidate_for_metadata_review_no_auto_delete,yes
f99cb808-3579-47b0-4a6d-399ecb231d90,2020/03/06/f99cb808-3579-47b0-4a6d-399ecb231d90.doc,2020-03-06,f,,doc,166298,72b27b33741ac8ba535cc0feb4e00613,44,1,1,0,1,public.hunttech_candidate_cv.original_file_cv_id,0,0,E_ACTIVE_LINKED_FILE_MISSING,business_owner_decision_required_before_stage_3,yes
0d20202e-3dc7-58fc-7e7b-f43b0a52eb8b,2020/03/10/0d20202e-3dc7-58fc-7e7b-f43b0a52eb8b.doc,2020-03-10,f,,doc,103829,bb212e69b1aad8c50e7dddd4524ac3cc,32,0,0,0,0,,0,0,C_ORPHAN_SYS_FILE_METADATA,candidate_for_metadata_review_no_auto_delete,yes
255bee9e-90da-6841-3444-a1fd87698ce3,2020/03/10/255bee9e-90da-6841-3444-a1fd87698ce3.pdf,2020-03-10,f,,pdf,303510,1ddccf2eebe5df1da7fb8f2c621dc813,23,1,1,0,1,public.hunttech_some_files.file_descriptor_id,0,0,E_ACTIVE_LINKED_FILE_MISSING,business_owner_decision_required_before_stage_3,yes
317d0a3c-5942-f604-bfa3-8c0ced301190,2020/03/10/317d0a3c-5942-f604-bfa3-8c0ced301190.pdf,2020-03-10,f,,pdf,303510,1ddccf2eebe5df1da7fb8f2c621dc813,23,1,1,0,1,public.hunttech_candidate_cv.original_file_cv_id,0,0,E_ACTIVE_LINKED_FILE_MISSING,business_owner_decision_required_before_stage_3,yes
3e393a42-0ccc-fe71-917e-a652280d8f09,2020/03/10/3e393a42-0ccc-fe71-917e-a652280d8f09.pdf,2020-03-10,f,,pdf,303510,1ddccf2eebe5df1da7fb8f2c621dc813,23,1,1,0,1,public.hunttech_some_files.file_descriptor_id,0,0,E_ACTIVE_LINKED_FILE_MISSING,business_owner_decision_required_before_stage_3,yes
3f7d697e-e28c-e6d6-97c8-96633eca02d7,2020/03/10/3f7d697e-e28c-e6d6-97c8-96633eca02d7.pdf,2020-03-10,f,,pdf,303510,3eb574c614d89456d708a8f233737ba2,36,0,0,0,0,,0,0,C_ORPHAN_SYS_FILE_METADATA,candidate_for_metadata_review_no_auto_delete,yes
44da7614-0904-46c1-5c27-bdc2007b71b5,2020/03/10/44da7614-0904-46c1-5c27-bdc2007b71b5.doc,2020-03-10,f,,doc,103829,bb212e69b1aad8c50e7dddd4524ac3cc,32,0,0,0,0,,0,0,C_ORPHAN_SYS_FILE_METADATA,candidate_for_metadata_review_no_auto_delete,yes
7d508880-f745-7420-05f5-754923fbc803,2020/03/10/7d508880-f745-7420-05f5-754923fbc803.pdf,2020-03-10,f,,pdf,35888,4be0f2ab496508c080ae09dc27f1569f,34,0,0,0,0,,0,0,C_ORPHAN_SYS_FILE_METADATA,candidate_for_metadata_review_no_auto_delete,yes
81bb4588-8850-8a37-6457-5b32e7bc50de,2020/03/10/81bb4588-8850-8a37-6457-5b32e7bc50de.pdf,2020-03-10,f,,pdf,303510,3eb574c614d89456d708a8f233737ba2,36,0,0,0,0,,0,0,C_ORPHAN_SYS_FILE_METADATA,candidate_for_metadata_review_no_auto_delete,yes
84db6740-9bd9-805f-06c0-753c4d572eb3,2020/03/10/84db6740-9bd9-805f-06c0-753c4d572eb3.docx,2020-03-10,f,,docx,14245,52c310b423559939de9e70c701f65f50,20,1,1,0,1,public.hunttech_some_files.file_descriptor_id,0,0,E_ACTIVE_LINKED_FILE_MISSING,business_owner_decision_required_before_stage_3,yes
85711399-506d-3ece-b406-27aff1422fe4,2020/03/10/85711399-506d-3ece-b406-27aff1422fe4.pdf,2020-03-10,f,,pdf,303510,1ddccf2eebe5df1da7fb8f2c621dc813,23,0,0,0,0,,0,0,C_ORPHAN_SYS_FILE_METADATA,candidate_for_metadata_review_no_auto_delete,yes
d797ad88-8c14-51e7-611d-b906a3baf9cb,2020/03/10/d797ad88-8c14-51e7-611d-b906a3baf9cb.pdf,2020-03-10,f,,pdf,303510,1ddccf2eebe5df1da7fb8f2c621dc813,23,0,0,0,0,,0,0,C_ORPHAN_SYS_FILE_METADATA,candidate_for_metadata_review_no_auto_delete,yes
f086bb2e-447a-367d-4cd1-87a6971378c2,2020/03/10/f086bb2e-447a-367d-4cd1-87a6971378c2.doc,2020-03-10,f,,doc,103829,bb212e69b1aad8c50e7dddd4524ac3cc,32,1,1,0,1,public.hunttech_candidate_cv.original_file_cv_id,0,0,E_ACTIVE_LINKED_FILE_MISSING,business_owner_decision_required_before_stage_3,yes
f516dbce-097a-3464-31ac-124a2de3b812,2020/03/10/f516dbce-097a-3464-31ac-124a2de3b812.docx,2020-03-10,f,,docx,14245,52c310b423559939de9e70c701f65f50,20,0,0,0,0,,0,0,C_ORPHAN_SYS_FILE_METADATA,candidate_for_metadata_review_no_auto_delete,yes
2028be33-4fb0-acaf-b062-c5dcd7ed0f7a,2020/03/11/2028be33-4fb0-acaf-b062-c5dcd7ed0f7a.doc,2020-03-11,f,,doc,153985,cad887d3435386cde06624bf6a80bdbe,90,1,1,0,1,public.hunttech_candidate_cv.original_file_cv_id,0,0,E_ACTIVE_LINKED_FILE_MISSING,business_owner_decision_required_before_stage_3,yes
285a6a71-d34d-6fb1-429f-34fcdc5a007e,2020/03/11/285a6a71-d34d-6fb1-429f-34fcdc5a007e.pdf,2020-03-11,f,,pdf,114896,2534b98f644547d3265ab7ca86c6638b,56,1,1,0,1,public.hunttech_candidate_cv.file_cv_id,0,0,E_ACTIVE_LINKED_FILE_MISSING,business_owner_decision_required_before_stage_3,yes
2b24d4ee-765c-a24c-3b1d-b52740e180da,2020/03/11/2b24d4ee-765c-a24c-3b1d-b52740e180da.doc,2020-03-11,f,,doc,166885,fad482f9ce16d881ba23c157045b5741,38,1,1,0,1,public.hunttech_candidate_cv.original_file_cv_id,0,0,E_ACTIVE_LINKED_FILE_MISSING,business_owner_decision_required_before_stage_3,yes
35747ebb-1385-dcff-a354-2bd86e6d28ae,2020/03/11/35747ebb-1385-dcff-a354-2bd86e6d28ae.doc,2020-03-11,f,,doc,878863,b39bb36780b7f04f618a3118417dda8a,24,1,1,0,1,public.hunttech_candidate_cv.original_file_cv_id,0,0,E_ACTIVE_LINKED_FILE_MISSING,business_owner_decision_required_before_stage_3,yes
367effda-0d9c-b388-abdf-af3678b62047,2020/03/11/367effda-0d9c-b388-abdf-af3678b62047.pdf,2020-03-11,f,,pdf,115437,17f031416065c97cdab84c81b7d2e3cb,60,1,1,0,1,public.hunttech_candidate_cv.file_cv_id,0,0,E_ACTIVE_LINKED_FILE_MISSING,business_owner_decision_required_before_stage_3,yes
3b162594-d019-187b-3492-deb8f750dc84,2020/03/11/3b162594-d019-187b-3492-deb8f750dc84.doc,2020-03-11,f,,doc,878863,b39bb36780b7f04f618a3118417dda8a,24,0,0,0,0,,0,0,C_ORPHAN_SYS_FILE_METADATA,candidate_for_metadata_review_no_auto_delete,yes
3ec4dadb-7e35-ff60-2802-8c277e16867b,2020/03/11/3ec4dadb-7e35-ff60-2802-8c277e16867b.doc,2020-03-11,f,,doc,166885,fad482f9ce16d881ba23c157045b5741,38,0,0,0,0,,0,0,C_ORPHAN_SYS_FILE_METADATA,candidate_for_metadata_review_no_auto_delete,yes
4e09baa8-251a-a060-e08b-797b73c0afc1,2020/03/11/4e09baa8-251a-a060-e08b-797b73c0afc1.docx,2020-03-11,f,,docx,21214,3009e29256234b65d0c9e6ac4bbd9ada,17,0,0,0,0,,0,0,C_ORPHAN_SYS_FILE_METADATA,candidate_for_metadata_review_no_auto_delete,yes
5af73e2b-abbf-6cab-ee31-eab719bf8056,2020/03/11/5af73e2b-abbf-6cab-ee31-eab719bf8056.pdf,2020-03-11,f,,pdf,116005,ed3516f57e2d966d06f4f96bc7f47d6c,54,1,1,0,1,public.hunttech_candidate_cv.original_file_cv_id,0,0,E_ACTIVE_LINKED_FILE_MISSING,business_owner_decision_required_before_stage_3,yes
60c0c234-34aa-0722-8014-839dfbee6e45,2020/03/11/60c0c234-34aa-0722-8014-839dfbee6e45.pdf,2020-03-11,f,,pdf,70363,330aef36ff862233320d81fed682f5ef,16,0,0,0,0,,0,0,C_ORPHAN_SYS_FILE_METADATA,candidate_for_metadata_review_no_auto_delete,yes
63cecdfd-c91e-91bd-fa90-b01c6fafb85c,2020/03/11/63cecdfd-c91e-91bd-fa90-b01c6fafb85c.jpg,2020-03-11,f,,jpg,4203140,93295e4349e4936b5c3a6d494f70c4dd,21,1,1,0,1,public.hunttech_candidate_cv.original_file_cv_id,0,0,E_ACTIVE_LINKED_FILE_MISSING,business_owner_decision_required_before_stage_3,yes
6d1d70e3-603e-86d8-3d68-14d34c5019b7,2020/03/11/6d1d70e3-603e-86d8-3d68-14d34c5019b7.rtf,2020-03-11,f,,rtf,70489,e079a6d60eb05f80b424c6109bdda7c4,22,0,0,0,0,,0,0,C_ORPHAN_SYS_FILE_METADATA,candidate_for_metadata_review_no_auto_delete,yes
a9cebb7f-13e0-d8df-d072-cce6aa1c4b45,2020/03/11/a9cebb7f-13e0-d8df-d072-cce6aa1c4b45.pdf,2020-03-11,f,,pdf,70363,330aef36ff862233320d81fed682f5ef,16,1,1,0,1,public.hunttech_candidate_cv.original_file_cv_id,0,0,E_ACTIVE_LINKED_FILE_MISSING,business_owner_decision_required_before_stage_3,yes
c2e3b9ca-09f8-4cfe-0182-6a5594936133,2020/03/11/c2e3b9ca-09f8-4cfe-0182-6a5594936133.jpg,2020-03-11,f,,jpg,4203140,93295e4349e4936b5c3a6d494f70c4dd,21,0,0,0,0,,0,0,C_ORPHAN_SYS_FILE_METADATA,candidate_for_metadata_review_no_auto_delete,yes
c60dde1f-64b8-9b1a-1c41-7cb103e25851,2020/03/11/c60dde1f-64b8-9b1a-1c41-7cb103e25851.rtf,2020-03-11,f,,rtf,276786,80cbe5ef7d16cc61af833facb2ebb82d,67,0,0,0,0,,0,0,C_ORPHAN_SYS_FILE_METADATA,candidate_for_metadata_review_no_auto_delete,yes
e2697a82-77b1-646f-0b7a-959b28910b61,2020/03/11/e2697a82-77b1-646f-0b7a-959b28910b61.rtf,2020-03-11,f,,rtf,276786,80cbe5ef7d16cc61af833facb2ebb82d,67,1,1,0,1,public.hunttech_candidate_cv.original_file_cv_id,0,0,E_ACTIVE_LINKED_FILE_MISSING,business_owner_decision_required_before_stage_3,yes
e2e1ce8c-b330-a582-8e93-378bbe5417a2,2020/03/11/e2e1ce8c-b330-a582-8e93-378bbe5417a2.rtf,2020-03-11,f,,rtf,70489,e079a6d60eb05f80b424c6109bdda7c4,22,1,1,0,1,public.hunttech_candidate_cv.original_file_cv_id,0,0,E_ACTIVE_LINKED_FILE_MISSING,business_owner_decision_required_before_stage_3,yes
e69dfadb-7118-4797-b413-300b44ed6a44,2020/03/11/e69dfadb-7118-4797-b413-300b44ed6a44.doc,2020-03-11,f,,doc,153985,cad887d3435386cde06624bf6a80bdbe,90,0,0,0,0,,0,0,C_ORPHAN_SYS_FILE_METADATA,candidate_for_metadata_review_no_auto_delete,yes
f52cb162-6efc-c1a6-34a5-c1489727a245,2020/03/11/f52cb162-6efc-c1a6-34a5-c1489727a245.pdf,2020-03-11,f,,pdf,116005,ed3516f57e2d966d06f4f96bc7f47d6c,54,1,1,0,1,public.hunttech_candidate_cv.file_cv_id,0,0,E_ACTIVE_LINKED_FILE_MISSING,business_owner_decision_required_before_stage_3,yes
02d6490a-4b2d-d7d1-4214-3f957bbf18f5,2020/03/12/02d6490a-4b2d-d7d1-4214-3f957bbf18f5.pdf,2020-03-12,f,,pdf,275884,4f70759491d3241595650c31445bbcb3,37,1,1,0,1,public.hunttech_candidate_cv.original_file_cv_id,0,0,E_ACTIVE_LINKED_FILE_MISSING,business_owner_decision_required_before_stage_3,yes
3803bc74-c872-4ad4-c0d8-c0e1e6d0f01d,2020/03/12/3803bc74-c872-4ad4-c0d8-c0e1e6d0f01d.pdf,2020-03-12,f,,pdf,250009,b47e40223334fc8fd8bbce46210419fc,38,1,1,0,1,public.hunttech_candidate_cv.original_file_cv_id,0,0,E_ACTIVE_LINKED_FILE_MISSING,business_owner_decision_required_before_stage_3,yes
70df209e-1dce-305a-cad2-7cbda5ed11c5,2020/03/12/70df209e-1dce-305a-cad2-7cbda5ed11c5.pdf,2020-03-12,f,,pdf,112976,03a9cea7daa857ed58507e5a8f18d142,48,1,1,0,1,public.hunttech_candidate_cv.file_cv_id,0,0,E_ACTIVE_LINKED_FILE_MISSING,business_owner_decision_required_before_stage_3,yes
a6252f8d-750e-cd3b-b872-4066830af50b,2020/03/12/a6252f8d-750e-cd3b-b872-4066830af50b.pdf,2020-03-12,f,,pdf,422664,927179352710841c20a784a25f288325,36,1,1,0,1,public.hunttech_candidate_cv.original_file_cv_id,0,0,E_ACTIVE_LINKED_FILE_MISSING,business_owner_decision_required_before_stage_3,yes
c79fc307-454b-a9c2-10aa-1b25926c35a0,2020/03/12/c79fc307-454b-a9c2-10aa-1b25926c35a0.pdf,2020-03-12,f,,pdf,395017,510cbeb622f732b538e0e0219d76506d,25,1,1,0,1,public.hunttech_candidate_cv.original_file_cv_id,0,0,E_ACTIVE_LINKED_FILE_MISSING,business_owner_decision_required_before_stage_3,yes
e8f630e7-aed7-12c3-8ceb-e4cc8533ac96,2020/03/12/e8f630e7-aed7-12c3-8ceb-e4cc8533ac96.doc,2020-03-12,f,,doc,119764,7abef1bc7b9f5f723b94fbb69fc77ae5,57,0,0,0,0,,0,0,C_ORPHAN_SYS_FILE_METADATA,candidate_for_metadata_review_no_auto_delete,yes
e9347dec-39af-f104-f1dd-c2fa8b1e3eb5,2020/03/12/e9347dec-39af-f104-f1dd-c2fa8b1e3eb5.pdf,2020-03-12,f,,pdf,40857,c13727d278da6ac55d2fd24c79c7b0a6,58,1,1,0,1,public.hunttech_candidate_cv.file_cv_id,0,0,E_ACTIVE_LINKED_FILE_MISSING,business_owner_decision_required_before_stage_3,yes
f90aaa7c-4677-a64b-2c25-f793aba8c6d6,2020/03/12/f90aaa7c-4677-a64b-2c25-f793aba8c6d6.pdf,2020-03-12,f,,pdf,495764,0a6737cbafc8504eb5a525b6efd9a348,24,1,1,0,1,public.hunttech_candidate_cv.original_file_cv_id,0,0,E_ACTIVE_LINKED_FILE_MISSING,business_owner_decision_required_before_stage_3,yes
098c50fd-1c0f-5eb1-d2c8-d377d5b0fce5,2020/03/13/098c50fd-1c0f-5eb1-d2c8-d377d5b0fce5.pdf,2020-03-13,f,,pdf,135498,5efcccee66dc01d4514c657336da2734,62,1,1,0,1,public.hunttech_some_files.file_descriptor_id,0,0,E_ACTIVE_LINKED_FILE_MISSING,business_owner_decision_required_before_stage_3,yes
10697871-6003-cf88-81e2-6164426323c0,2020/03/13/10697871-6003-cf88-81e2-6164426323c0.pdf,2020-03-13,f,,pdf,76479,1de4b0128673672cb8c943d5d8f84a22,16,0,0,0,0,,0,0,C_ORPHAN_SYS_FILE_METADATA,candidate_for_metadata_review_no_auto_delete,yes
1a794311-741d-0b3d-024f-a7e3c66e38d8,2020/03/13/1a794311-741d-0b3d-024f-a7e3c66e38d8.doc,2020-03-13,f,,doc,53761,9be26a0c0154d5cb056e217db7a00610,14,1,1,0,1,public.hunttech_candidate_cv.original_file_cv_id,0,0,E_ACTIVE_LINKED_FILE_MISSING,business_owner_decision_required_before_stage_3,yes
21281aa0-a93a-82a3-56bb-5e1c536beb69,2020/03/13/21281aa0-a93a-82a3-56bb-5e1c536beb69.pdf,2020-03-13,f,,pdf,340902,f08d31907f6397a06df129a7274d56db,34,1,1,0,1,public.hunttech_candidate_cv.original_file_cv_id,0,0,E_ACTIVE_LINKED_FILE_MISSING,business_owner_decision_required_before_stage_3,yes
3a9509db-2fc9-7917-71a9-f739f402dd26,2020/03/13/3a9509db-2fc9-7917-71a9-f739f402dd26.pdf,2020-03-13,f,,pdf,378415,1565d2d1653e3277283678cb715fcec8,35,1,1,0,1,public.hunttech_candidate_cv.original_file_cv_id,0,0,E_ACTIVE_LINKED_FILE_MISSING,business_owner_decision_required_before_stage_3,yes
40b3ef8d-0be6-6ef9-5081-5f6dfb249b17,2020/03/13/40b3ef8d-0be6-6ef9-5081-5f6dfb249b17.pdf,2020-03-13,f,,pdf,135498,5efcccee66dc01d4514c657336da2734,62,1,1,0,1,public.hunttech_candidate_cv.file_cv_id,0,0,E_ACTIVE_LINKED_FILE_MISSING,business_owner_decision_required_before_stage_3,yes
5a8389e6-ef3b-117e-5a7e-3bf5b25ea4ee,2020/03/13/5a8389e6-ef3b-117e-5a7e-3bf5b25ea4ee.pdf,2020-03-13,f,,pdf,119331,cc417fb29f37a04dc97f06d438b14414,43,1,1,0,1,public.hunttech_candidate_cv.file_cv_id,0,0,E_ACTIVE_LINKED_FILE_MISSING,business_owner_decision_required_before_stage_3,yes
9caaf2e8-9c24-7993-209d-88692fb06c67,2020/03/13/9caaf2e8-9c24-7993-209d-88692fb06c67.pdf,2020-03-13,f,,pdf,55279,2ec223daf1f8bc4b5489eeafdb12daef,35,1,1,0,1,public.hunttech_candidate_cv.original_file_cv_id,0,0,E_ACTIVE_LINKED_FILE_MISSING,business_owner_decision_required_before_stage_3,yes
d21dd08b-b84e-fda6-6304-8311b94e3f39,2020/03/13/d21dd08b-b84e-fda6-6304-8311b94e3f39.pdf,2020-03-13,f,,pdf,123015,3554d00c15cbbd7a2a299758dab61eba,47,1,1,0,1,public.hunttech_some_files.file_descriptor_id,0,0,E_ACTIVE_LINKED_FILE_MISSING,business_owner_decision_required_before_stage_3,yes
d40692f8-87b9-63b1-3241-60c5239560ca,2020/03/13/d40692f8-87b9-63b1-3241-60c5239560ca.pdf,2020-03-13,f,,pdf,119331,cc417fb29f37a04dc97f06d438b14414,43,1,1,0,1,public.hunttech_some_files.file_descriptor_id,0,0,E_ACTIVE_LINKED_FILE_MISSING,business_owner_decision_required_before_stage_3,yes
d8859163-eada-1c24-0c2a-7940db5fcd0f,2020/03/13/d8859163-eada-1c24-0c2a-7940db5fcd0f.pdf,2020-03-13,f,,pdf,298889,be70639963a54fc3e5957cd168279821,30,1,1,0,1,public.hunttech_candidate_cv.original_file_cv_id,0,0,E_ACTIVE_LINKED_FILE_MISSING,business_owner_decision_required_before_stage_3,yes
eb2e0589-5e28-1f31-c008-bf36f07f8f03,2020/03/13/eb2e0589-5e28-1f31-c008-bf36f07f8f03.pdf,2020-03-13,f,,pdf,123015,3554d00c15cbbd7a2a299758dab61eba,47,1,1,0,1,public.hunttech_candidate_cv.file_cv_id,0,0,E_ACTIVE_LINKED_FILE_MISSING,business_owner_decision_required_before_stage_3,yes
43be314d-fa00-49c9-0571-d4ee5d05f6ae,2020/03/14/43be314d-fa00-49c9-0571-d4ee5d05f6ae.pdf,2020-03-14,f,,pdf,215019,ca1107369ddbc7954d30ce676e8c7fd8,35,1,1,0,1,public.hunttech_candidate_cv.original_file_cv_id,0,0,E_ACTIVE_LINKED_FILE_MISSING,business_owner_decision_required_before_stage_3,yes
094b8ea9-600f-a900-2f76-e4be6d3ca4cd,2020/03/16/094b8ea9-600f-a900-2f76-e4be6d3ca4cd.pdf,2020-03-16,f,,pdf,48429,122b83e02e0f9ad2c240e22ec171ed80,32,1,1,0,1,public.hunttech_candidate_cv.original_file_cv_id,0,0,E_ACTIVE_LINKED_FILE_MISSING,business_owner_decision_required_before_stage_3,yes
1dc61da9-b2d0-b09c-58b7-8e4c5f966ac6,2020/03/16/1dc61da9-b2d0-b09c-58b7-8e4c5f966ac6.pdf,2020-03-16,f,,pdf,234661,0dbf57710a2a78f87ece1f28d90d4edb,37,1,1,0,1,public.hunttech_candidate_cv.original_file_cv_id,0,0,E_ACTIVE_LINKED_FILE_MISSING,business_owner_decision_required_before_stage_3,yes
9513cb34-96ad-44ef-2e12-ebcf4ab31d32,2020/03/16/9513cb34-96ad-44ef-2e12-ebcf4ab31d32.pdf,2020-03-16,f,,pdf,426058,8475cc9cc5abcc2398ac68a0621d11d0,26,1,1,0,1,public.hunttech_candidate_cv.original_file_cv_id,0,0,E_ACTIVE_LINKED_FILE_MISSING,business_owner_decision_required_before_stage_3,yes
a1adbaa1-38af-b2a3-8cae-d7528dab50c7,2020/03/16/a1adbaa1-38af-b2a3-8cae-d7528dab50c7.doc,2020-03-16,f,,doc,19642,1213ce4e352f6b24a8ed17fd253efcf0,24,1,1,0,1,public.hunttech_candidate_cv.original_file_cv_id,0,0,E_ACTIVE_LINKED_FILE_MISSING,business_owner_decision_required_before_stage_3,yes
a1f0df5c-69b1-dff2-e9c9-61dd70982832,2020/03/16/a1f0df5c-69b1-dff2-e9c9-61dd70982832.pdf,2020-03-16,f,,pdf,32656,f657c5a000bcee28f7552ec2f92abc33,21,1,1,0,1,public.hunttech_candidate_cv.original_file_cv_id,0,0,E_ACTIVE_LINKED_FILE_MISSING,business_owner_decision_required_before_stage_3,yes
c698dac5-9eae-12e7-7a7d-d5c60ab8b263,2020/03/16/c698dac5-9eae-12e7-7a7d-d5c60ab8b263.doc,2020-03-16,f,,doc,64890,c752a352aada86ec93a9d67dba81cc87,19,1,1,0,1,public.hunttech_candidate_cv.original_file_cv_id,0,0,E_ACTIVE_LINKED_FILE_MISSING,business_owner_decision_required_before_stage_3,yes
07297eb0-94a0-c3ac-f2fe-3e4ae4ac22aa,2020/03/17/07297eb0-94a0-c3ac-f2fe-3e4ae4ac22aa.pdf,2020-03-17,f,,pdf,477065,18fce615261561b954f7612f8878f4c8,33,1,1,0,1,public.hunttech_candidate_cv.original_file_cv_id,0,0,E_ACTIVE_LINKED_FILE_MISSING,business_owner_decision_required_before_stage_3,yes
1357c47d-820e-5f53-6d55-3fd7b155efb4,2020/03/17/1357c47d-820e-5f53-6d55-3fd7b155efb4.doc,2020-03-17,f,,doc,117538,4b19e38011d9d551d5fb3c29e08858f9,38,1,1,0,1,public.hunttech_candidate_cv.original_file_cv_id,0,0,E_ACTIVE_LINKED_FILE_MISSING,business_owner_decision_required_before_stage_3,yes
23e0be0f-2859-ca4b-e266-9dc11d71045f,2020/03/17/23e0be0f-2859-ca4b-e266-9dc11d71045f.pdf,2020-03-17,f,,pdf,114685,b74dab62423249beb73a6f7718d6e212,46,1,1,0,1,public.hunttech_candidate_cv.file_cv_id,0,0,E_ACTIVE_LINKED_FILE_MISSING,business_owner_decision_required_before_stage_3,yes
270367a9-827a-b718-d7da-43bc5f5221b2,2020/03/17/270367a9-827a-b718-d7da-43bc5f5221b2.pdf,2020-03-17,f,,pdf,34987,b77866d16899f8b71d35160f4b093866,19,1,1,0,1,public.hunttech_candidate_cv.original_file_cv_id,0,0,E_ACTIVE_LINKED_FILE_MISSING,business_owner_decision_required_before_stage_3,yes
4ea6f96f-853b-fbfe-87df-f993903fe769,2020/03/17/4ea6f96f-853b-fbfe-87df-f993903fe769.pdf,2020-03-17,f,,pdf,515357,62854582b22f0f2d1872baa4ebdabd7a,40,1,1,0,1,public.hunttech_candidate_cv.original_file_cv_id,0,0,E_ACTIVE_LINKED_FILE_MISSING,business_owner_decision_required_before_stage_3,yes
52690f8e-df9b-f455-0846-86d7657a8042,2020/03/17/52690f8e-df9b-f455-0846-86d7657a8042.pdf,2020-03-17,f,,pdf,375519,4a1308c63edf4596ba4a5528c634face,29,1,1,0,1,public.hunttech_candidate_cv.original_file_cv_id,0,0,E_ACTIVE_LINKED_FILE_MISSING,business_owner_decision_required_before_stage_3,yes
5e881f85-0da1-8cb5-900f-f49a3b414702,2020/03/17/5e881f85-0da1-8cb5-900f-f49a3b414702.pdf,2020-03-17,f,,pdf,115667,ddc1fdcfcd2de57236252a6e0e86464b,58,1,1,0,1,public.hunttech_candidate_cv.file_cv_id,0,0,E_ACTIVE_LINKED_FILE_MISSING,business_owner_decision_required_before_stage_3,yes
c178371f-41b1-9b2d-73fc-1b36915a1cda,2020/03/17/c178371f-41b1-9b2d-73fc-1b36915a1cda.pdf,2020-03-17,f,,pdf,321094,38040e067158ba41192b8440c34574a8,17,1,1,0,1,public.hunttech_candidate_cv.original_file_cv_id,0,0,E_ACTIVE_LINKED_FILE_MISSING,business_owner_decision_required_before_stage_3,yes
c31d0f82-24ce-9b84-02d5-a61248c19b02,2020/03/17/c31d0f82-24ce-9b84-02d5-a61248c19b02.pdf,2020-03-17,f,,pdf,36988,b7d2a5404cb334313b286d49d50b9752,25,1,1,0,1,public.hunttech_candidate_cv.original_file_cv_id,0,0,E_ACTIVE_LINKED_FILE_MISSING,business_owner_decision_required_before_stage_3,yes
c7befe8a-d724-85e8-0d11-aae131fd9364,2020/03/17/c7befe8a-d724-85e8-0d11-aae131fd9364.pdf,2020-03-17,f,,pdf,208160,9dcd52160dcc127341ddcf3afc0d5c4a,19,1,1,0,1,public.hunttech_candidate_cv.original_file_cv_id,0,0,E_ACTIVE_LINKED_FILE_MISSING,business_owner_decision_required_before_stage_3,yes
ca0183e9-f3b0-f4a4-534a-276718ed0a3b,2020/03/17/ca0183e9-f3b0-f4a4-534a-276718ed0a3b.doc,2020-03-17,f,,doc,108711,49f9cfde8ee0edab7e5f9030f907c82e,84,1,1,0,1,public.hunttech_candidate_cv.original_file_cv_id,0,0,E_ACTIVE_LINKED_FILE_MISSING,business_owner_decision_required_before_stage_3,yes
10aa9cae-7a45-18cf-159a-d1cf69966f79,2020/03/18/10aa9cae-7a45-18cf-159a-d1cf69966f79.doc,2020-03-18,f,,doc,157925,f371dbbff63039644b9e7c24c1d9e753,56,1,1,0,1,public.hunttech_candidate_cv.original_file_cv_id,0,0,E_ACTIVE_LINKED_FILE_MISSING,business_owner_decision_required_before_stage_3,yes
9ba72ab7-58d2-321a-55cc-aa953db12dbd,2020/03/18/9ba72ab7-58d2-321a-55cc-aa953db12dbd.docx,2020-03-18,f,,docx,33366,5bedaf2d885a655344087452e77dc2bb,33,1,1,0,1,public.hunttech_candidate_cv.file_cv_id,0,0,E_ACTIVE_LINKED_FILE_MISSING,business_owner_decision_required_before_stage_3,yes
80c8c866-ee53-6e87-0e68-570c738e2409,2020/03/19/80c8c866-ee53-6e87-0e68-570c738e2409.pdf,2020-03-19,f,,pdf,122629,91a8d3e1472da1bb0563bd7514e59665,42,1,1,0,1,public.hunttech_candidate_cv.file_cv_id,0,0,E_ACTIVE_LINKED_FILE_MISSING,business_owner_decision_required_before_stage_3,yes
e7eb3f22-50e1-388d-1d65-2a8ac3558bcd,2020/03/19/e7eb3f22-50e1-388d-1d65-2a8ac3558bcd.docx,2020-03-19,f,,docx,4153,305835787bee35b42fc40be3c8546201,40,1,1,0,1,public.hunttech_candidate_cv.original_file_cv_id,0,0,E_ACTIVE_LINKED_FILE_MISSING,business_owner_decision_required_before_stage_3,yes
f961b99b-8419-38eb-2031-f8c1b7cf86f0,2020/03/19/f961b99b-8419-38eb-2031-f8c1b7cf86f0.doc,2020-03-19,f,,doc,65659,9ce819890a4fad8b6af4d538d1ae35d1,33,1,1,0,1,public.hunttech_candidate_cv.original_file_cv_id,0,0,E_ACTIVE_LINKED_FILE_MISSING,business_owner_decision_required_before_stage_3,yes
34c65f3e-0730-76ba-1334-5e724766cafe,2020/03/20/34c65f3e-0730-76ba-1334-5e724766cafe.doc,2020-03-20,f,,doc,80587,01707cb91d16cefed7ab68eb43809e4e,18,0,0,0,0,,0,0,C_ORPHAN_SYS_FILE_METADATA,candidate_for_metadata_review_no_auto_delete,yes
3cd18485-da4a-cf19-e35a-59b2a72ed4c3,2020/03/20/3cd18485-da4a-cf19-e35a-59b2a72ed4c3.doc,2020-03-20,f,,doc,142795,e950a5051672b0b3b0594ecd14567245,20,1,1,0,1,public.hunttech_candidate_cv.original_file_cv_id,0,0,E_ACTIVE_LINKED_FILE_MISSING,business_owner_decision_required_before_stage_3,yes
4c22487e-8eee-3a9a-0780-b3545db4ef49,2020/03/20/4c22487e-8eee-3a9a-0780-b3545db4ef49.docx,2020-03-20,f,,docx,535010,95b9f5605c8fd7cec2e96430edaa94dc,38,1,1,0,1,public.hunttech_candidate_cv.original_file_cv_id,0,0,E_ACTIVE_LINKED_FILE_MISSING,business_owner_decision_required_before_stage_3,yes
7494382f-dd15-ad6a-7f19-8972669471b5,2020/03/20/7494382f-dd15-ad6a-7f19-8972669471b5.doc,2020-03-20,f,,doc,18743,50e92f427a27c4a6b4e72830a463ddbe,44,1,1,0,1,public.hunttech_candidate_cv.original_file_cv_id,0,0,E_ACTIVE_LINKED_FILE_MISSING,business_owner_decision_required_before_stage_3,yes
75440390-cf2a-969d-ea90-782c071f2434,2020/03/20/75440390-cf2a-969d-ea90-782c071f2434.pdf,2020-03-20,f,,pdf,160634,3bb5386111bcd58e918442f7ae5f98e6,20,1,1,0,1,public.hunttech_candidate_cv.original_file_cv_id,0,0,E_ACTIVE_LINKED_FILE_MISSING,business_owner_decision_required_before_stage_3,yes
8e947ba7-9ed0-f2d2-e9a7-3df549b81e62,2020/03/20/8e947ba7-9ed0-f2d2-e9a7-3df549b81e62.rtf,2020-03-20,f,,rtf,69896,e15f887c4f748861df2eed07c2113e69,41,1,1,0,1,public.hunttech_candidate_cv.original_file_cv_id,0,0,E_ACTIVE_LINKED_FILE_MISSING,business_owner_decision_required_before_stage_3,yes
9e641f38-6885-263b-a99b-205d7302cbd5,2020/03/20/9e641f38-6885-263b-a99b-205d7302cbd5.docx,2020-03-20,f,,docx,12094,b4113a85bd434266f8f8b7fd19ee1985,26,1,1,0,1,public.hunttech_candidate_cv.original_file_cv_id,0,0,E_ACTIVE_LINKED_FILE_MISSING,business_owner_decision_required_before_stage_3,yes
c1686a31-4130-d129-93e2-6b773e82ebd5,2020/03/20/c1686a31-4130-d129-93e2-6b773e82ebd5.pdf,2020-03-20,f,,pdf,36615,e84771ee0f5c8613106db065db6b30f4,38,1,1,0,1,public.hunttech_candidate_cv.original_file_cv_id,0,0,E_ACTIVE_LINKED_FILE_MISSING,business_owner_decision_required_before_stage_3,yes
d1488a52-edb7-063e-5ec7-be9272428a29,2020/03/20/d1488a52-edb7-063e-5ec7-be9272428a29.doc,2020-03-20,f,,doc,15535,d885350c36baeca2f899a3ff0fa26165,21,1,1,0,1,public.hunttech_candidate_cv.original_file_cv_id,0,0,E_ACTIVE_LINKED_FILE_MISSING,business_owner_decision_required_before_stage_3,yes
8a6c33df-e8ab-60c4-25d7-287f3d93d39f,2020/03/21/8a6c33df-e8ab-60c4-25d7-287f3d93d39f.doc,2020-03-21,f,,doc,27345,e00adda4a6a057e99f492a040e1fd871,40,1,1,0,1,public.hunttech_candidate_cv.original_file_cv_id,0,0,E_ACTIVE_LINKED_FILE_MISSING,business_owner_decision_required_before_stage_3,yes
8fc584af-6da5-ec7f-79a3-de0692571a70,2020/03/21/8fc584af-6da5-ec7f-79a3-de0692571a70.doc,2020-03-21,f,,doc,27246,c0eb00f718e9d53e096e0ecafcd99ed5,81,1,1,0,1,public.hunttech_candidate_cv.original_file_cv_id,0,0,E_ACTIVE_LINKED_FILE_MISSING,business_owner_decision_required_before_stage_3,yes
cc895e7d-a2cb-705b-0411-52b8e36fd5b3,2020/03/21/cc895e7d-a2cb-705b-0411-52b8e36fd5b3.doc,2020-03-21,f,,doc,109571,954165916c1da6de4e5ab6e1a2ca4bde,31,1,1,0,1,public.hunttech_candidate_cv.original_file_cv_id,0,0,E_ACTIVE_LINKED_FILE_MISSING,business_owner_decision_required_before_stage_3,yes
e4498ea5-4d09-7a43-6d11-9fe7981b49fe,2020/03/21/e4498ea5-4d09-7a43-6d11-9fe7981b49fe.doc,2020-03-21,f,,doc,76702,bc1128b2f7033055c585d72b21673f48,26,1,1,0,1,public.hunttech_candidate_cv.original_file_cv_id,0,0,E_ACTIVE_LINKED_FILE_MISSING,business_owner_decision_required_before_stage_3,yes
46275756-87d3-cfb8-2f52-644ec21ad790,2020/03/23/46275756-87d3-cfb8-2f52-644ec21ad790.pdf,2020-03-23,f,,pdf,41433,1ffb37814d09c012a62258de1856b0a0,6,1,1,0,1,public.hunttech_candidate_cv.file_cv_id,0,0,E_ACTIVE_LINKED_FILE_MISSING,business_owner_decision_required_before_stage_3,yes
5eb584d2-842e-7e8d-58ae-30503c1c77da,2020/03/23/5eb584d2-842e-7e8d-58ae-30503c1c77da.docx,2020-03-23,f,,docx,15466,9a684fd8682009f36d37f001df84f0e5,38,1,1,0,1,public.hunttech_candidate_cv.original_file_cv_id,0,0,E_ACTIVE_LINKED_FILE_MISSING,business_owner_decision_required_before_stage_3,yes
ad74a521-e9a7-5b13-21a0-be9fb0b7abe8,2020/03/23/ad74a521-e9a7-5b13-21a0-be9fb0b7abe8.pdf,2020-03-23,f,,pdf,33901,1521d6245ccf24b6e4e8449b65d22243,21,1,1,0,1,public.hunttech_candidate_cv.original_file_cv_id,0,0,E_ACTIVE_LINKED_FILE_MISSING,business_owner_decision_required_before_stage_3,yes
e3a7a01b-1cea-ef87-6433-4350924a91ea,2020/03/23/e3a7a01b-1cea-ef87-6433-4350924a91ea.pdf,2020-03-23,f,,pdf,116625,bad89aa693e61ac3f0fdb03c8b038ab7,43,1,1,0,1,public.hunttech_candidate_cv.file_cv_id,0,0,E_ACTIVE_LINKED_FILE_MISSING,business_owner_decision_required_before_stage_3,yes
fb46bc5b-5aa7-eca0-b969-deb1ce3c5a44,2020/03/23/fb46bc5b-5aa7-eca0-b969-deb1ce3c5a44.pdf,2020-03-23,f,,pdf,116625,bad89aa693e61ac3f0fdb03c8b038ab7,43,1,1,0,1,public.hunttech_some_files.file_descriptor_id,0,0,E_ACTIVE_LINKED_FILE_MISSING,business_owner_decision_required_before_stage_3,yes
0988ad96-42f6-d15a-e44f-d5b88f941c5a,2020/03/24/0988ad96-42f6-d15a-e44f-d5b88f941c5a.pdf,2020-03-24,f,,pdf,30931,56d7fa413ba81bc3407787fcb5bd7ed6,37,1,1,0,1,public.hunttech_candidate_cv.original_file_cv_id,0,0,E_ACTIVE_LINKED_FILE_MISSING,business_owner_decision_required_before_stage_3,yes
2662fe7a-351a-bbf6-3724-9a2ad2f5e87e,2020/03/24/2662fe7a-351a-bbf6-3724-9a2ad2f5e87e.pdf,2020-03-24,f,,pdf,110138,867368d495f43e4f83ec5d77e7b00d27,48,1,1,0,1,public.hunttech_candidate_cv.file_cv_id,0,0,E_ACTIVE_LINKED_FILE_MISSING,business_owner_decision_required_before_stage_3,yes
3a73bde9-5f97-efe2-f04f-43487e303b2f,2020/03/24/3a73bde9-5f97-efe2-f04f-43487e303b2f.rtf,2020-03-24,f,,rtf,135672,75e12a6728776e04583149adbad5d677,38,1,1,0,1,public.hunttech_candidate_cv.original_file_cv_id,0,0,E_ACTIVE_LINKED_FILE_MISSING,business_owner_decision_required_before_stage_3,yes
3fbb27e8-3715-5009-4202-36725eb6ad99,2020/03/24/3fbb27e8-3715-5009-4202-36725eb6ad99.doc,2020-03-24,f,,doc,18137,bcd8a56c65edb4e93d9dc0ef10a1146b,23,1,1,0,1,public.hunttech_candidate_cv.original_file_cv_id,0,0,E_ACTIVE_LINKED_FILE_MISSING,business_owner_decision_required_before_stage_3,yes
6acca0b4-a945-fe55-7109-1e1cd8651e5b,2020/03/24/6acca0b4-a945-fe55-7109-1e1cd8651e5b.pdf,2020-03-24,f,,pdf,113009,1c499ac77a914cc1d3f367050f32eb96,50,1,1,0,1,public.hunttech_candidate_cv.file_cv_id,0,0,E_ACTIVE_LINKED_FILE_MISSING,business_owner_decision_required_before_stage_3,yes
88b9c3a5-46da-ad09-252f-cc0c61596b6c,2020/03/24/88b9c3a5-46da-ad09-252f-cc0c61596b6c.rtf,2020-03-24,f,,rtf,135672,75e12a6728776e04583149adbad5d677,38,1,1,0,1,public.hunttech_candidate_cv.file_cv_id,0,0,E_ACTIVE_LINKED_FILE_MISSING,business_owner_decision_required_before_stage_3,yes
64cecf10-4776-f509-e683-54a610597172,2020/03/25/64cecf10-4776-f509-e683-54a610597172.pdf,2020-03-25,f,,pdf,28434,8d3a5a602d61fdf2c9306b145292a892,20,0,0,0,0,,0,0,C_ORPHAN_SYS_FILE_METADATA,candidate_for_metadata_review_no_auto_delete,yes
71b30909-3d4e-5d3e-7daf-3f9492280f92,2020/03/25/71b30909-3d4e-5d3e-7daf-3f9492280f92.pdf,2020-03-25,f,,pdf,110022,84acc1c1731d31a2d8e92c169583c33d,51,0,0,0,0,,0,0,C_ORPHAN_SYS_FILE_METADATA,candidate_for_metadata_review_no_auto_delete,yes
0c23a545-acc6-37b9-3015-a787e8450bc7,2020/03/26/0c23a545-acc6-37b9-3015-a787e8450bc7.doc,2020-03-26,f,,doc,76897,7249a39b29985d7d2760efe9cc67707d,28,1,0,1,1,public.hunttech_some_files.file_descriptor_id,0,0,D_ONLY_SOFT_DELETED_OR_ARCHIVE_LINKS,confirm_archive_policy_before_stage_3,yes
12586342-eba6-ca1d-275d-09a4aed65d7a,2020/03/26/12586342-eba6-ca1d-275d-09a4aed65d7a.doc,2020-03-26,f,,doc,166729,86dd912c7c4d885561141d4a1796931b,28,0,0,0,0,,0,0,C_ORPHAN_SYS_FILE_METADATA,candidate_for_metadata_review_no_auto_delete,yes
12bb56df-bf08-7d8d-5764-d692dd250057,2020/03/26/12bb56df-bf08-7d8d-5764-d692dd250057.doc,2020-03-26,f,,doc,165942,942203718acc7e9f79f5b1338ca4810c,49,0,0,0,0,,0,0,C_ORPHAN_SYS_FILE_METADATA,candidate_for_metadata_review_no_auto_delete,yes
1ee421a2-6a7e-a76a-a8a7-7ef00e93e4c6,2020/03/26/1ee421a2-6a7e-a76a-a8a7-7ef00e93e4c6.doc,2020-03-26,f,,doc,138441,b80d2d261e94c3851e4cf9004c7a4a79,19,0,0,0,0,,0,0,C_ORPHAN_SYS_FILE_METADATA,candidate_for_metadata_review_no_auto_delete,yes
240b1e1f-5235-64ee-6810-f25b4e0e5090,2020/03/26/240b1e1f-5235-64ee-6810-f25b4e0e5090.doc,2020-03-26,f,,doc,91845,dc5f52df771ea702847499d5a429292d,19,0,0,0,0,,0,0,C_ORPHAN_SYS_FILE_METADATA,candidate_for_metadata_review_no_auto_delete,yes
3d1cbc41-70f5-d034-4ff2-cb3d840fe711,2020/03/26/3d1cbc41-70f5-d034-4ff2-cb3d840fe711.doc,2020-03-26,f,,doc,76897,7249a39b29985d7d2760efe9cc67707d,28,0,0,0,0,,0,0,C_ORPHAN_SYS_FILE_METADATA,candidate_for_metadata_review_no_auto_delete,yes
200e2d11-c147-5029-d75d-9bb642a454a5,2020/03/27/200e2d11-c147-5029-d75d-9bb642a454a5.pdf,2020-03-27,f,,pdf,32762,c8d6541dbba26f9c1c8bd796729f49e9,22,0,0,0,0,,0,0,C_ORPHAN_SYS_FILE_METADATA,candidate_for_metadata_review_no_auto_delete,yes
48b8dd22-c066-f6d7-de18-3184996bc4d0,2020/03/27/48b8dd22-c066-f6d7-de18-3184996bc4d0.pdf,2020-03-27,f,,pdf,36939,ea53219685308e54e4a15eb5a2294cf7,39,0,0,0,0,,0,0,C_ORPHAN_SYS_FILE_METADATA,candidate_for_metadata_review_no_auto_delete,yes
53211d1d-4522-10c5-ecc8-ae2b9dfbd996,2020/03/27/53211d1d-4522-10c5-ecc8-ae2b9dfbd996.pdf,2020-03-27,f,,pdf,37785,30088195d46946ce8a922054a333cd9d,16,0,0,0,0,,0,0,C_ORPHAN_SYS_FILE_METADATA,candidate_for_metadata_review_no_auto_delete,yes
64aaf050-0e78-bfff-4b60-008e850cfcb1,2020/03/27/64aaf050-0e78-bfff-4b60-008e850cfcb1.pdf,2020-03-27,f,,pdf,113492,5fd7f2083a4069a3eaf40f2a04e0357c,64,0,0,0,0,,0,0,C_ORPHAN_SYS_FILE_METADATA,candidate_for_metadata_review_no_auto_delete,yes
a75336da-5099-6ef8-31f2-1094a61ec220,2020/03/27/a75336da-5099-6ef8-31f2-1094a61ec220.pdf,2020-03-27,f,,pdf,37785,30088195d46946ce8a922054a333cd9d,16,0,0,0,0,,0,0,C_ORPHAN_SYS_FILE_METADATA,candidate_for_metadata_review_no_auto_delete,yes
dfb7c8ee-6681-b765-41c5-0771ec27245f,2020/03/27/dfb7c8ee-6681-b765-41c5-0771ec27245f.pdf,2020-03-27,f,,pdf,107342,c08ac2d85677cfeeea3f15b930fedfac,45,0,0,0,0,,0,0,C_ORPHAN_SYS_FILE_METADATA,candidate_for_metadata_review_no_auto_delete,yes
e5e84721-35b7-9ffd-5c09-abc7154ff41c,2020/03/29/e5e84721-35b7-9ffd-5c09-abc7154ff41c.pdf,2020-03-29,f,,pdf,65195,1ffb37814d09c012a62258de1856b0a0,6,0,0,0,0,,0,0,C_ORPHAN_SYS_FILE_METADATA,candidate_for_metadata_review_no_auto_delete,yes
b05f7393-3275-9d15-0429-e9909e89ce5c,2020/03/30/b05f7393-3275-9d15-0429-e9909e89ce5c.doc,2020-03-30,f,,doc,71449,2f7054890d06788092fc9ccdeb25b2cc,31,0,0,0,0,,0,0,C_ORPHAN_SYS_FILE_METADATA,candidate_for_metadata_review_no_auto_delete,yes
e6f63780-b652-1dc9-266b-ee8770ebbe22,2020/03/30/e6f63780-b652-1dc9-266b-ee8770ebbe22.doc,2020-03-30,f,,doc,116569,1992d4bac853da958615f8617096dd8c,55,0,0,0,0,,0,0,C_ORPHAN_SYS_FILE_METADATA,candidate_for_metadata_review_no_auto_delete,yes
f283ea6e-0476-d506-7e71-fc92d9f8e45a,2020/03/30/f283ea6e-0476-d506-7e71-fc92d9f8e45a.pdf,2020-03-30,f,,pdf,361590,3597215417916ea08c115d12e1b36cdb,19,1,1,0,1,public.hunttech_candidate_cv.original_file_cv_id,0,0,E_ACTIVE_LINKED_FILE_MISSING,business_owner_decision_required_before_stage_3,yes
07c23a37-e341-cbfb-3063-383192245f1f,2020/03/31/07c23a37-e341-cbfb-3063-383192245f1f.docx,2020-03-31,f,,docx,230380,7fe2eb7f09913cb7dbc9b7ba3af167db,38,0,0,0,0,,0,0,C_ORPHAN_SYS_FILE_METADATA,candidate_for_metadata_review_no_auto_delete,yes
47151945-02c5-46bf-b6a6-22252b6aff7b,2020/03/31/47151945-02c5-46bf-b6a6-22252b6aff7b.pdf,2020-03-31,f,,pdf,424687,f1f3735a62f0d8dbed5202af149c3967,19,0,0,0,0,,0,0,C_ORPHAN_SYS_FILE_METADATA,candidate_for_metadata_review_no_auto_delete,yes
5f3a89ac-96ad-549e-bd82-54bb5df5d7a3,2020/03/31/5f3a89ac-96ad-549e-bd82-54bb5df5d7a3.pdf,2020-03-31,f,,pdf,172127,a2b90a8a2aa04d0b0547589efbb4fa8d,58,0,0,0,0,,0,0,C_ORPHAN_SYS_FILE_METADATA,candidate_for_metadata_review_no_auto_delete,yes
8d952b7a-0099-b152-7fb2-5fb69aeed77e,2020/03/31/8d952b7a-0099-b152-7fb2-5fb69aeed77e.pdf,2020-03-31,f,,pdf,108868,f351bf57b291c86579daf1bf963336cf,45,1,1,0,1,public.hunttech_candidate_cv.file_cv_id,0,0,E_ACTIVE_LINKED_FILE_MISSING,business_owner_decision_required_before_stage_3,yes
9b34958d-64c4-6dc4-369b-a18e6ba35a5e,2020/03/31/9b34958d-64c4-6dc4-369b-a18e6ba35a5e.pdf,2020-03-31,f,,pdf,57750,54e769746cff92ed0c2c213e104d550d,26,1,1,0,1,public.hunttech_candidate_cv.original_file_cv_id,0,0,E_ACTIVE_LINKED_FILE_MISSING,business_owner_decision_required_before_stage_3,yes
b002d05b-39a7-63e6-2876-53ad695b6fd4,2020/03/31/b002d05b-39a7-63e6-2876-53ad695b6fd4.doc,2020-03-31,f,,doc,83996,2d43df7b5008ac9b58df095aff7477a2,30,1,1,0,1,public.hunttech_candidate_cv.original_file_cv_id,0,0,E_ACTIVE_LINKED_FILE_MISSING,business_owner_decision_required_before_stage_3,yes
de5932ab-c111-9f0c-2db5-aa39ccf5ab3a,2020/03/31/de5932ab-c111-9f0c-2db5-aa39ccf5ab3a.pdf,2020-03-31,f,,pdf,424687,f1f3735a62f0d8dbed5202af149c3967,19,0,0,0,0,,0,0,C_ORPHAN_SYS_FILE_METADATA,candidate_for_metadata_review_no_auto_delete,yes
0bfaed13-2437-ae2a-05da-6d06b41571c1,2020/04/01/0bfaed13-2437-ae2a-05da-6d06b41571c1.doc,2020-04-01,f,,doc,129714,bf18962ba1b77832b690796f426582a7,46,1,1,0,1,public.hunttech_candidate_cv.original_file_cv_id,0,0,E_ACTIVE_LINKED_FILE_MISSING,business_owner_decision_required_before_stage_3,yes
0c3f768f-4271-ebf3-6e8b-94966d83c59f,2020/04/01/0c3f768f-4271-ebf3-6e8b-94966d83c59f.docx,2020-04-01,f,,docx,51456,88680c962e485bbec0613678ed49d0dc,27,1,1,0,1,public.hunttech_candidate_cv.original_file_cv_id,0,0,E_ACTIVE_LINKED_FILE_MISSING,business_owner_decision_required_before_stage_3,yes
162bab5d-9d08-44d4-a2f3-d4f34fe1b5bc,2020/04/01/162bab5d-9d08-44d4-a2f3-d4f34fe1b5bc.doc,2020-04-01,f,,doc,134568,fb8b1991254a3f2a361f73717807ce5b,25,1,1,0,1,public.hunttech_candidate_cv.original_file_cv_id,0,0,E_ACTIVE_LINKED_FILE_MISSING,business_owner_decision_required_before_stage_3,yes
2d4fdffc-98a4-e846-464d-d7945a80224b,2020/04/01/2d4fdffc-98a4-e846-464d-d7945a80224b.doc,2020-04-01,f,,doc,80571,70bc0f5252d6d7d90dd545053090776f,31,1,1,0,1,public.hunttech_candidate_cv.original_file_cv_id,0,0,E_ACTIVE_LINKED_FILE_MISSING,business_owner_decision_required_before_stage_3,yes
5715f9c9-188e-e459-1ad2-66e9330af40e,2020/04/01/5715f9c9-188e-e459-1ad2-66e9330af40e.doc,2020-04-01,f,,doc,197205,3daf17e275ba0870b0db08faa20e6f32,28,1,1,0,1,public.hunttech_candidate_cv.original_file_cv_id,0,0,E_ACTIVE_LINKED_FILE_MISSING,business_owner_decision_required_before_stage_3,yes
5a421fa3-2a95-b32c-57c6-26bb5bce1503,2020/04/01/5a421fa3-2a95-b32c-57c6-26bb5bce1503.doc,2020-04-01,f,,doc,127060,c4e662275b5d952b90872076b6087718,30,1,1,0,1,public.hunttech_candidate_cv.original_file_cv_id,0,0,E_ACTIVE_LINKED_FILE_MISSING,business_owner_decision_required_before_stage_3,yes
1328848c-2b80-4672-01b1-441bf9aa202d,2020/04/02/1328848c-2b80-4672-01b1-441bf9aa202d.pdf,2020-04-02,f,,pdf,36779,8d5402882b926b16ca577d647eeabe11,51,1,1,0,1,public.hunttech_candidate_cv.original_file_cv_id,0,0,E_ACTIVE_LINKED_FILE_MISSING,business_owner_decision_required_before_stage_3,yes
2902e7f5-c580-4915-4114-0efcf2b45955,2020/04/02/2902e7f5-c580-4915-4114-0efcf2b45955.doc,2020-04-02,f,,doc,282112,2aa5bfe8e5fcb6e9be42cd26c059a616,35,0,0,0,0,,0,0,C_ORPHAN_SYS_FILE_METADATA,candidate_for_metadata_review_no_auto_delete,yes
367696f3-996a-6603-92a9-8c168dae8b0a,2020/04/02/367696f3-996a-6603-92a9-8c168dae8b0a.pdf,2020-04-02,f,,pdf,188118,0c78fef9be1c2e6cb83a82996e75ed01,26,1,1,0,1,public.hunttech_candidate_cv.original_file_cv_id,0,0,E_ACTIVE_LINKED_FILE_MISSING,business_owner_decision_required_before_stage_3,yes
9a5b8e74-4eb7-eea2-0fa2-9f5aa897fb5c,2020/04/02/9a5b8e74-4eb7-eea2-0fa2-9f5aa897fb5c.pdf,2020-04-02,f,,pdf,65195,1ffb37814d09c012a62258de1856b0a0,6,1,1,0,1,public.hunttech_candidate_cv.original_file_cv_id,0,0,E_ACTIVE_LINKED_FILE_MISSING,business_owner_decision_required_before_stage_3,yes
9f9c9dd2-0d30-f275-9a07-a3db47995274,2020/04/02/9f9c9dd2-0d30-f275-9a07-a3db47995274.,2020-04-02,f,,,293164,c1b0e023fa3038f243ce70afcc095855,26,0,0,0,0,,0,0,C_ORPHAN_SYS_FILE_METADATA,candidate_for_metadata_review_no_auto_delete,yes
cb6d2dfa-69cd-8681-37f6-67113effb67a,2020/04/02/cb6d2dfa-69cd-8681-37f6-67113effb67a.pdf,2020-04-02,f,,pdf,239427,d1a4dbf2e0f06f7ad45b02453885d92d,32,0,0,0,0,,0,0,C_ORPHAN_SYS_FILE_METADATA,candidate_for_metadata_review_no_auto_delete,yes
01a0707d-2f13-d8b3-d423-b8768e47fcad,2020/04/03/01a0707d-2f13-d8b3-d423-b8768e47fcad.pdf,2020-04-03,f,,pdf,28434,a6959fce503e27d873c2530ea6599a63,20,1,1,0,1,public.hunttech_candidate_cv.original_file_cv_id,0,0,E_ACTIVE_LINKED_FILE_MISSING,business_owner_decision_required_before_stage_3,yes
250f4de5-1b53-817f-7dfc-8cee6edb51e5,2020/04/03/250f4de5-1b53-817f-7dfc-8cee6edb51e5.pdf,2020-04-03,f,,pdf,370867,f2e2f339b2da111be95121218b3b0527,34,1,1,0,1,public.hunttech_candidate_cv.original_file_cv_id,0,0,E_ACTIVE_LINKED_FILE_MISSING,business_owner_decision_required_before_stage_3,yes
311f5fed-a691-0bc5-4cb4-7be7fab4cd17,2020/04/03/311f5fed-a691-0bc5-4cb4-7be7fab4cd17.rtf,2020-04-03,f,,rtf,128760,50029deaca9d778dc464092b67457e71,33,0,0,0,0,,0,0,C_ORPHAN_SYS_FILE_METADATA,candidate_for_metadata_review_no_auto_delete,yes
379e242d-2565-a579-f8a9-f3d026b7a81c,2020/04/03/379e242d-2565-a579-f8a9-f3d026b7a81c.pdf,2020-04-03,f,,pdf,430382,07bcf96573f752d5e072390baa5d95c7,35,1,1,0,1,public.hunttech_candidate_cv.original_file_cv_id,0,0,E_ACTIVE_LINKED_FILE_MISSING,business_owner_decision_required_before_stage_3,yes
39d06689-17ee-db83-6be7-91103c77df7f,2020/04/03/39d06689-17ee-db83-6be7-91103c77df7f.doc,2020-04-03,f,,doc,218571,c48b886e6c69c98790fa23f20500fcb7,27,1,1,0,1,public.hunttech_candidate_cv.original_file_cv_id,0,0,E_ACTIVE_LINKED_FILE_MISSING,business_owner_decision_required_before_stage_3,yes
729e404a-1ea7-9c02-0997-0e77a7d1777b,2020/04/03/729e404a-1ea7-9c02-0997-0e77a7d1777b.pdf,2020-04-03,f,,pdf,36591,27876492b32b115dba1933967afda685,21,1,1,0,1,public.hunttech_candidate_cv.original_file_cv_id,0,0,E_ACTIVE_LINKED_FILE_MISSING,business_owner_decision_required_before_stage_3,yes
afaa6de7-6921-bc9c-a004-322ddffc2dfc,2020/04/03/afaa6de7-6921-bc9c-a004-322ddffc2dfc.doc,2020-04-03,f,,doc,282112,3f3c5abc1104816413583a3b8f350d44,39,1,1,0,1,public.hunttech_candidate_cv.original_file_cv_id,0,0,E_ACTIVE_LINKED_FILE_MISSING,business_owner_decision_required_before_stage_3,yes
c9fe75ba-779d-c355-a9db-593585fce821,2020/04/03/c9fe75ba-779d-c355-a9db-593585fce821.doc,2020-04-03,f,,doc,47215,6a0c192bf613a78f5f46375b18047dd1,30,1,1,0,1,public.hunttech_candidate_cv.original_file_cv_id,0,0,E_ACTIVE_LINKED_FILE_MISSING,business_owner_decision_required_before_stage_3,yes
8d693756-c6a3-de77-ddc1-15e2be68a5d8,2020/04/04/8d693756-c6a3-de77-ddc1-15e2be68a5d8.doc,2020-04-04,f,,doc,59547,1a22819e4553cf838ec41cebc2740ee8,28,1,1,0,1,public.hunttech_candidate_cv.original_file_cv_id,0,0,E_ACTIVE_LINKED_FILE_MISSING,business_owner_decision_required_before_stage_3,yes
7916a700-5864-2c84-8fd8-34a344ff4972,2020/04/05/7916a700-5864-2c84-8fd8-34a344ff4972.doc,2020-04-05,f,,doc,33918,8530c8907c95c03dbe4ed7b83873ee8f,26,1,1,0,1,public.hunttech_candidate_cv.original_file_cv_id,0,0,E_ACTIVE_LINKED_FILE_MISSING,business_owner_decision_required_before_stage_3,yes
895906d5-7e0c-9982-0f19-e6a5fd24951b,2020/04/05/895906d5-7e0c-9982-0f19-e6a5fd24951b.doc,2020-04-05,f,,doc,166113,154f1a98b0e13033c91629edb1e38770,40,1,1,0,1,public.hunttech_candidate_cv.original_file_cv_id,0,0,E_ACTIVE_LINKED_FILE_MISSING,business_owner_decision_required_before_stage_3,yes
1a8b9a18-ecc0-9775-4466-ed34964bee85,2020/04/06/1a8b9a18-ecc0-9775-4466-ed34964bee85.pdf,2020-04-06,f,,pdf,513594,01b7550dd3cafd798e3873916b1b963f,22,0,0,0,0,,0,0,C_ORPHAN_SYS_FILE_METADATA,candidate_for_metadata_review_no_auto_delete,yes
272c155e-cee4-509c-098b-f6df0f374f0e,2020/04/06/272c155e-cee4-509c-098b-f6df0f374f0e.pdf,2020-04-06,f,,pdf,293693,bda40b04a68cbd5785ed68821fc50dd5,37,1,1,0,1,public.hunttech_candidate_cv.original_file_cv_id,0,0,E_ACTIVE_LINKED_FILE_MISSING,business_owner_decision_required_before_stage_3,yes
52d708ad-9903-c925-0e13-462aa7e2cb78,2020/04/06/52d708ad-9903-c925-0e13-462aa7e2cb78.pdf,2020-04-06,f,,pdf,62467,aa3a7f5c74c5203ace8dad85f2c8b6df,20,0,0,0,0,,0,0,C_ORPHAN_SYS_FILE_METADATA,candidate_for_metadata_review_no_auto_delete,yes
5b78e09b-6c2c-5d6b-ed83-6cd8124ab296,2020/04/06/5b78e09b-6c2c-5d6b-ed83-6cd8124ab296.doc,2020-04-06,f,,doc,1633952,133e43621b448532cf89ddb474c3f5f6,33,1,1,0,1,public.hunttech_candidate_cv.original_file_cv_id,0,0,E_ACTIVE_LINKED_FILE_MISSING,business_owner_decision_required_before_stage_3,yes
aa3f9e66-8d63-8a29-9d74-503661a39b21,2020/04/06/aa3f9e66-8d63-8a29-9d74-503661a39b21.doc,2020-04-06,f,,doc,54765,76fe3f227657d8cbf964f3cbdad20dfb,44,1,1,0,1,public.hunttech_candidate_cv.original_file_cv_id,0,0,E_ACTIVE_LINKED_FILE_MISSING,business_owner_decision_required_before_stage_3,yes
ccf22f84-bb2b-58d2-ee7f-13695ac62edb,2020/04/06/ccf22f84-bb2b-58d2-ee7f-13695ac62edb.pdf,2020-04-06,f,,pdf,36462,d357e8807e2fc70ca233b62f2d5a9fbb,33,1,1,0,1,public.hunttech_candidate_cv.original_file_cv_id,0,0,E_ACTIVE_LINKED_FILE_MISSING,business_owner_decision_required_before_stage_3,yes
f80896e7-c674-7100-8650-1ea895f71a65,2020/04/06/f80896e7-c674-7100-8650-1ea895f71a65.odt,2020-04-06,f,,odt,61871,d854970369f9acfd19fa862974caba9a,54,1,1,0,1,public.hunttech_candidate_cv.original_file_cv_id,0,0,E_ACTIVE_LINKED_FILE_MISSING,business_owner_decision_required_before_stage_3,yes
6cb7d23f-d988-41e1-ca09-5c910e53e63a,2020/04/07/6cb7d23f-d988-41e1-ca09-5c910e53e63a.pdf,2020-04-07,f,,pdf,54664,c87fd83274060f84f7e131aaeb17d4f2,20,1,1,0,1,public.hunttech_candidate_cv.original_file_cv_id,0,0,E_ACTIVE_LINKED_FILE_MISSING,business_owner_decision_required_before_stage_3,yes
7f47bff5-9f80-bca5-dbd0-ebed481997d0,2020/04/07/7f47bff5-9f80-bca5-dbd0-ebed481997d0.pdf,2020-04-07,f,,pdf,37752,91f6854638af68207ce159144890142b,16,1,1,0,1,public.hunttech_candidate_cv.original_file_cv_id,0,0,E_ACTIVE_LINKED_FILE_MISSING,business_owner_decision_required_before_stage_3,yes
b020a742-27bf-c151-c108-a0c7ee8afb09,2020/04/07/b020a742-27bf-c151-c108-a0c7ee8afb09.doc,2020-04-07,f,,doc,77493,6a337e1c84ffde8ff2ee182d966d483c,29,1,1,0,1,public.hunttech_candidate_cv.original_file_cv_id,0,0,E_ACTIVE_LINKED_FILE_MISSING,business_owner_decision_required_before_stage_3,yes
09618d1d-5bc4-2d66-c971-5bcb71ce9aa1,2020/04/08/09618d1d-5bc4-2d66-c971-5bcb71ce9aa1.docx,2020-04-08,f,,docx,62183,01a43fd83157ec3ce1ae9ca91cc29c84,18,1,1,0,1,public.hunttech_candidate_cv.original_file_cv_id,0,0,E_ACTIVE_LINKED_FILE_MISSING,business_owner_decision_required_before_stage_3,yes
14d27e58-9eb3-843c-e72a-0195f98100e8,2020/04/08/14d27e58-9eb3-843c-e72a-0195f98100e8.doc,2020-04-08,f,,doc,83191,e877fbc18a7c2ba14331cce21b72b298,15,1,1,0,1,public.hunttech_candidate_cv.original_file_cv_id,0,0,E_ACTIVE_LINKED_FILE_MISSING,business_owner_decision_required_before_stage_3,yes
817df119-d6ef-e7c1-e438-640d2fc348e1,2020/04/08/817df119-d6ef-e7c1-e438-640d2fc348e1.doc,2020-04-08,f,,doc,68093,918130b724d8654c5fa09ab43aabd727,27,1,1,0,1,public.hunttech_candidate_cv.original_file_cv_id,0,0,E_ACTIVE_LINKED_FILE_MISSING,business_owner_decision_required_before_stage_3,yes
1f9d64c2-b3fb-35ad-b008-94a2a886b7ad,2020/04/09/1f9d64c2-b3fb-35ad-b008-94a2a886b7ad.pdf,2020-04-09,f,,pdf,354433,bb931c906e3bb3b7c06e9c6e7d7f8457,32,2,2,0,2,public.hunttech_candidate_cv.original_file_cv_id;public.sys_fts_queue.entity_id,0,0,E_ACTIVE_LINKED_FILE_MISSING,business_owner_decision_required_before_stage_3,yes
34c239c0-f13c-9e0d-e568-0c0703739c9e,2020/04/09/34c239c0-f13c-9e0d-e568-0c0703739c9e.pdf,2020-04-09,f,,pdf,35921,945ff83056190f0048a3a44154e3ad5a,31,2,2,0,2,public.hunttech_candidate_cv.original_file_cv_id;public.sys_fts_queue.entity_id,0,0,E_ACTIVE_LINKED_FILE_MISSING,business_owner_decision_required_before_stage_3,yes
39434d02-15ba-5f50-60e8-fbb1a1e96ae0,2020/04/09/39434d02-15ba-5f50-60e8-fbb1a1e96ae0.pdf,2020-04-09,f,,pdf,455990,dcc2d048b03b06e51167023112e7d968,20,2,2,0,2,public.hunttech_candidate_cv.original_file_cv_id;public.sys_fts_queue.entity_id,0,0,E_ACTIVE_LINKED_FILE_MISSING,business_owner_decision_required_before_stage_3,yes
3f13819e-8e1d-8d33-d90b-c93b90121cab,2020/04/09/3f13819e-8e1d-8d33-d90b-c93b90121cab.doc,2020-04-09,f,,doc,51712,55e34e81f694a21cd106a8085cb0509b,30,2,2,0,2,public.hunttech_candidate_cv.original_file_cv_id;public.sys_fts_queue.entity_id,0,0,E_ACTIVE_LINKED_FILE_MISSING,business_owner_decision_required_before_stage_3,yes
76bf07ed-8b53-8c5e-6e61-066141ccce1a,2020/04/09/76bf07ed-8b53-8c5e-6e61-066141ccce1a.pdf,2020-04-09,f,,pdf,278285,105570e6523fe8f395a916d65649f60f,31,2,2,0,2,public.hunttech_candidate_cv.original_file_cv_id;public.sys_fts_queue.entity_id,0,0,E_ACTIVE_LINKED_FILE_MISSING,business_owner_decision_required_before_stage_3,yes
8d7faed0-fc5e-1ddf-8237-427e3aff69f5,2020/04/09/8d7faed0-fc5e-1ddf-8237-427e3aff69f5.pdf,2020-04-09,f,,pdf,41343,ec46f8df1d08db77027786d289eeeded,17,2,2,0,2,public.hunttech_candidate_cv.original_file_cv_id;public.sys_fts_queue.entity_id,0,0,E_ACTIVE_LINKED_FILE_MISSING,business_owner_decision_required_before_stage_3,yes
90eb9f27-d7fd-f375-4e9e-018c7b753561,2020/04/09/90eb9f27-d7fd-f375-4e9e-018c7b753561.pdf,2020-04-09,f,,pdf,436566,c69eec73a0b04e0c2ab1bf43bc5ebbbc,32,2,2,0,2,public.hunttech_candidate_cv.original_file_cv_id;public.sys_fts_queue.entity_id,0,0,E_ACTIVE_LINKED_FILE_MISSING,business_owner_decision_required_before_stage_3,yes
a49e27c6-98b0-d0fc-18ce-5b9f9ca093fc,2020/04/09/a49e27c6-98b0-d0fc-18ce-5b9f9ca093fc.docx,2020-04-09,f,,docx,21474,a2278f75e7fb5cc7b10044b17a714e6e,25,2,2,0,2,public.hunttech_candidate_cv.original_file_cv_id;public.sys_fts_queue.entity_id,0,0,E_ACTIVE_LINKED_FILE_MISSING,business_owner_decision_required_before_stage_3,yes
c1719406-b210-fc47-4689-d0474c24cc42,2020/04/09/c1719406-b210-fc47-4689-d0474c24cc42.pdf,2020-04-09,f,,pdf,425546,e91b365f2acb31f1142bf6cc6473efc7,23,2,2,0,2,public.hunttech_candidate_cv.original_file_cv_id;public.sys_fts_queue.entity_id,0,0,E_ACTIVE_LINKED_FILE_MISSING,business_owner_decision_required_before_stage_3,yes
0a4b1246-f2ce-7a6e-1062-23269fc00e43,2020/04/10/0a4b1246-f2ce-7a6e-1062-23269fc00e43.pdf,2020-04-10,f,,pdf,449148,a82dbe2632321e55ae107663ae6e90d4,58,2,2,0,2,public.hunttech_candidate_cv.file_cv_id;public.sys_fts_queue.entity_id,0,0,E_ACTIVE_LINKED_FILE_MISSING,business_owner_decision_required_before_stage_3,yes
22649e0f-9779-c370-2a33-23eb61e8f7f6,2020/04/10/22649e0f-9779-c370-2a33-23eb61e8f7f6.docx,2020-04-10,f,,docx,19532,2b09d523ba194f061366a119b8d12010,35,1,1,0,1,public.sys_fts_queue.entity_id,0,0,E_ACTIVE_LINKED_FILE_MISSING,business_owner_decision_required_before_stage_3,yes
63a36355-e878-6b1c-9b6a-59a2cdabeb06,2020/04/10/63a36355-e878-6b1c-9b6a-59a2cdabeb06.pdf,2020-04-10,f,,pdf,40652,6a29fe770b6158f03a6081ae32ac58e3,19,2,2,0,2,public.hunttech_candidate_cv.original_file_cv_id;public.sys_fts_queue.entity_id,0,0,E_ACTIVE_LINKED_FILE_MISSING,business_owner_decision_required_before_stage_3,yes
67a16d1a-0846-5d1b-4552-ccf55b0175ea,2020/04/10/67a16d1a-0846-5d1b-4552-ccf55b0175ea.doc,2020-04-10,f,,doc,28436,75dcba07cf0877c1305e1af0844ee91e,23,2,2,0,2,public.hunttech_candidate_cv.original_file_cv_id;public.sys_fts_queue.entity_id,0,0,E_ACTIVE_LINKED_FILE_MISSING,business_owner_decision_required_before_stage_3,yes
be5d1c5b-0e06-08f5-4265-6778953190bb,2020/04/10/be5d1c5b-0e06-08f5-4265-6778953190bb.pdf,2020-04-10,f,,pdf,54698,b43863fca411c75c2353a7522914b649,16,2,2,0,2,public.hunttech_candidate_cv.original_file_cv_id;public.sys_fts_queue.entity_id,0,0,E_ACTIVE_LINKED_FILE_MISSING,business_owner_decision_required_before_stage_3,yes
cf4fb6dd-88f1-978b-3b91-52666ec9aece,2020/04/10/cf4fb6dd-88f1-978b-3b91-52666ec9aece.pdf,2020-04-10,f,,pdf,55721,a14b109a3acc6e2f8a82317e19ab4b5a,16,2,2,0,2,public.hunttech_candidate_cv.original_file_cv_id;public.sys_fts_queue.entity_id,0,0,E_ACTIVE_LINKED_FILE_MISSING,business_owner_decision_required_before_stage_3,yes
72569d37-34b5-da9c-3bd4-350be030e0cd,2020/04/13/72569d37-34b5-da9c-3bd4-350be030e0cd.doc,2020-04-13,f,,doc,99601,d2df924e5a045f7f6ac457d5d01f5939,47,2,2,0,2,public.hunttech_candidate_cv.original_file_cv_id;public.sys_fts_queue.entity_id,0,0,E_ACTIVE_LINKED_FILE_MISSING,business_owner_decision_required_before_stage_3,yes
e8255e0f-23e8-c010-5784-b6338117394d,2020/04/13/e8255e0f-23e8-c010-5784-b6338117394d.doc,2020-04-13,f,,doc,44796,8ca4371321496ec8f735c7c8ede4b2dd,44,2,2,0,2,public.hunttech_candidate_cv.original_file_cv_id;public.sys_fts_queue.entity_id,0,0,E_ACTIVE_LINKED_FILE_MISSING,business_owner_decision_required_before_stage_3,yes
f07926f9-40ee-836d-f3c9-0b70df478622,2020/04/13/f07926f9-40ee-836d-f3c9-0b70df478622.doc,2020-04-13,f,,doc,121122,e73a8fa486db4071aa81882d40b0f668,27,2,2,0,2,public.hunttech_candidate_cv.original_file_cv_id;public.sys_fts_queue.entity_id,0,0,E_ACTIVE_LINKED_FILE_MISSING,business_owner_decision_required_before_stage_3,yes
36353f4b-2e47-66b4-4ef2-955310999c0b,2020/04/14/36353f4b-2e47-66b4-4ef2-955310999c0b.pdf,2020-04-14,f,,pdf,43729,a206ca39c36e4bbaca88569ebb72b221,16,2,2,0,2,public.hunttech_candidate_cv.original_file_cv_id;public.sys_fts_queue.entity_id,0,0,E_ACTIVE_LINKED_FILE_MISSING,business_owner_decision_required_before_stage_3,yes
78ca7b4a-8382-fbee-3494-8051bcc45ac2,2020/04/14/78ca7b4a-8382-fbee-3494-8051bcc45ac2.pdf,2020-04-14,f,,pdf,521399,ddcb7eb9f4c7b8a75fe19dbdde08a4ff,21,1,1,0,1,public.sys_fts_queue.entity_id,0,0,E_ACTIVE_LINKED_FILE_MISSING,business_owner_decision_required_before_stage_3,yes
f96be8ff-84c3-cf56-82ed-10bb19cb3794,2020/04/14/f96be8ff-84c3-cf56-82ed-10bb19cb3794.docx,2020-04-14,f,,docx,8807,75a890a41c335ee50cd6a0c30d7a28ef,25,2,2,0,2,public.hunttech_candidate_cv.original_file_cv_id;public.sys_fts_queue.entity_id,0,0,E_ACTIVE_LINKED_FILE_MISSING,business_owner_decision_required_before_stage_3,yes
1cb552b7-95c8-1e8d-8876-cb61d78a6e50,2020/04/22/1cb552b7-95c8-1e8d-8876-cb61d78a6e50.pdf,2020-04-22,f,,pdf,123751,cea5f25a20adb75d9d77573eb6abe8a5,10,1,1,0,1,public.hunttech_candidate_cv.original_file_cv_id,0,0,E_ACTIVE_LINKED_FILE_MISSING,business_owner_decision_required_before_stage_3,yes
157cac4f-5d87-0c61-eb74-7ba4ba366c5d,2020/04/23/157cac4f-5d87-0c61-eb74-7ba4ba366c5d.docx,2020-04-23,f,,docx,2110763,29e640d2039560d6bd6328ca5ed7e6c5,23,2,2,0,2,public.hunttech_candidate_cv.original_file_cv_id;public.sys_fts_queue.entity_id,0,0,E_ACTIVE_LINKED_FILE_MISSING,business_owner_decision_required_before_stage_3,yes
83bc0feb-c743-2066-b0cb-6612359270c0,2020/04/23/83bc0feb-c743-2066-b0cb-6612359270c0.docx,2020-04-23,f,,docx,19186,b13a36cbc4c9cd9d1fa9e728f0220f88,28,2,2,0,2,public.hunttech_candidate_cv.original_file_cv_id;public.sys_fts_queue.entity_id,0,0,E_ACTIVE_LINKED_FILE_MISSING,business_owner_decision_required_before_stage_3,yes
b3f910ba-e25c-3b41-bccd-708a0d2ed3ff,2020/04/23/b3f910ba-e25c-3b41-bccd-708a0d2ed3ff.pdf,2020-04-23,f,,pdf,65781,33c19bf936400b60f87f353ea396a74e,12,2,2,0,2,public.hunttech_candidate_cv.original_file_cv_id;public.sys_fts_queue.entity_id,0,0,E_ACTIVE_LINKED_FILE_MISSING,business_owner_decision_required_before_stage_3,yes
05fd00c5-ecb9-bb49-bd64-9217bfee8d30,2020/04/24/05fd00c5-ecb9-bb49-bd64-9217bfee8d30.pdf,2020-04-24,f,,pdf,44188,ee5b2f983a83aec5c756c76cf3cdac70,16,2,2,0,2,public.hunttech_candidate_cv.original_file_cv_id;public.sys_fts_queue.entity_id,0,0,E_ACTIVE_LINKED_FILE_MISSING,business_owner_decision_required_before_stage_3,yes
08195525-b2d3-4b5a-41de-fec2c82f7634,2020/04/24/08195525-b2d3-4b5a-41de-fec2c82f7634.doc,2020-04-24,f,,doc,228265,6b18265dc2f220da152e8187ac3d45d3,49,2,2,0,2,public.hunttech_candidate_cv.original_file_cv_id;public.sys_fts_queue.entity_id,0,0,E_ACTIVE_LINKED_FILE_MISSING,business_owner_decision_required_before_stage_3,yes
4194a848-0113-c911-7d7b-309c78ce7c43,2020/04/24/4194a848-0113-c911-7d7b-309c78ce7c43.doc,2020-04-24,f,,doc,673452,28df6ba04dd0b9445c1c1876068401a9,22,2,2,0,2,public.hunttech_candidate_cv.original_file_cv_id;public.sys_fts_queue.entity_id,0,0,E_ACTIVE_LINKED_FILE_MISSING,business_owner_decision_required_before_stage_3,yes
4aef8efd-72cf-a43f-5dfe-50322cb8ebd8,2020/04/24/4aef8efd-72cf-a43f-5dfe-50322cb8ebd8.pdf,2020-04-24,f,,pdf,35997,c55683713e7ff992233d3f52d35987e5,28,2,2,0,2,public.hunttech_candidate_cv.original_file_cv_id;public.sys_fts_queue.entity_id,0,0,E_ACTIVE_LINKED_FILE_MISSING,business_owner_decision_required_before_stage_3,yes
0e62b977-faa5-a34b-a1b6-421daf0c0e3d,2020/04/26/0e62b977-faa5-a34b-a1b6-421daf0c0e3d.doc,2020-04-26,f,,doc,222113,7f4e11ccd2b24890d63f53225ea720f7,29,2,2,0,2,public.hunttech_candidate_cv.original_file_cv_id;public.sys_fts_queue.entity_id,0,0,E_ACTIVE_LINKED_FILE_MISSING,business_owner_decision_required_before_stage_3,yes
7298ee82-cc2f-02c1-bf46-2ab4d85c7b55,2020/04/27/7298ee82-cc2f-02c1-bf46-2ab4d85c7b55.pdf,2020-04-27,f,,pdf,276178,baaaf31b5004d5afd64ac2a54d6bcd56,31,2,2,0,2,public.hunttech_candidate_cv.original_file_cv_id;public.sys_fts_queue.entity_id,0,0,E_ACTIVE_LINKED_FILE_MISSING,business_owner_decision_required_before_stage_3,yes
ad21201f-b3fe-e0cd-01fd-3c445f423eca,2020/04/27/ad21201f-b3fe-e0cd-01fd-3c445f423eca.doc,2020-04-27,f,,doc,39424,f7686d94acbc656539a4869463c19233,13,2,2,0,2,public.hunttech_candidate_cv.original_file_cv_id;public.sys_fts_queue.entity_id,0,0,E_ACTIVE_LINKED_FILE_MISSING,business_owner_decision_required_before_stage_3,yes
d8c9c6c3-f01f-f4cc-2307-0bb2251f6913,2020/04/27/d8c9c6c3-f01f-f4cc-2307-0bb2251f6913.pdf,2020-04-27,f,,pdf,393417,39514152beb1462c1c53ab71a211220f,20,2,2,0,2,public.hunttech_candidate_cv.original_file_cv_id;public.sys_fts_queue.entity_id,0,0,E_ACTIVE_LINKED_FILE_MISSING,business_owner_decision_required_before_stage_3,yes
dc3f0d57-c309-61d8-7812-de6abc04bf82,2020/04/27/dc3f0d57-c309-61d8-7812-de6abc04bf82.docx,2020-04-27,f,,docx,22529,2f8f4f17a9d121cd8d3e5f48240f5639,22,2,2,0,2,public.hunttech_candidate_cv.original_file_cv_id;public.sys_fts_queue.entity_id,0,0,E_ACTIVE_LINKED_FILE_MISSING,business_owner_decision_required_before_stage_3,yes
a0a41dd0-38fd-f87e-e2ef-8d025d0439d3,2020/04/28/a0a41dd0-38fd-f87e-e2ef-8d025d0439d3.pdf,2020-04-28,f,,pdf,50423,7f72e222e2794837d5d407f9ffadef9a,16,2,2,0,2,public.hunttech_candidate_cv.original_file_cv_id;public.sys_fts_queue.entity_id,0,0,E_ACTIVE_LINKED_FILE_MISSING,business_owner_decision_required_before_stage_3,yes
ced6cf28-2b92-8a94-1cc9-2e5ead9219b4,2020/04/28/ced6cf28-2b92-8a94-1cc9-2e5ead9219b4.pdf,2020-04-28,f,,pdf,77989,a1441a7bb8e71746f45a1c2d9c2e9e7f,11,2,2,0,2,public.hunttech_candidate_cv.original_file_cv_id;public.sys_fts_queue.entity_id,0,0,E_ACTIVE_LINKED_FILE_MISSING,business_owner_decision_required_before_stage_3,yes
11050e89-8231-97c6-7d6d-f93d6a13d661,2020/05/18/11050e89-8231-97c6-7d6d-f93d6a13d661.txt,2020-05-18,f,,txt,5725,004707cc28f92db811dfdfcee80afd75,14,2,2,0,2,public.hunttech_some_files.file_descriptor_id;public.sys_fts_queue.entity_id,0,0,E_ACTIVE_LINKED_FILE_MISSING,business_owner_decision_required_before_stage_3,yes
68bdabc4-8929-1bd8-e6df-5a0914f91505,2020/05/18/68bdabc4-8929-1bd8-e6df-5a0914f91505.zip,2020-05-18,f,,zip,46389,34b0ce42f13927924434e2b39987f947,19,2,2,0,2,public.hunttech_some_files.file_descriptor_id;public.sys_fts_queue.entity_id,0,0,E_ACTIVE_LINKED_FILE_MISSING,business_owner_decision_required_before_stage_3,yes
b881596b-4602-7798-ae40-fcc1b8edfd0d,2020/05/18/b881596b-4602-7798-ae40-fcc1b8edfd0d.zip,2020-05-18,f,,zip,46389,34b0ce42f13927924434e2b39987f947,19,2,2,0,2,public.hunttech_some_files.file_descriptor_id;public.sys_fts_queue.entity_id,0,0,E_ACTIVE_LINKED_FILE_MISSING,business_owner_decision_required_before_stage_3,yes
69532805-3aa6-ed3f-d49b-881484ee615f,2020/05/25/69532805-3aa6-ed3f-d49b-881484ee615f.pdf,2020-05-25,f,,pdf,64011,9ec74fce529689d99fa499833d4a3f84,16,2,2,0,2,public.hunttech_candidate_cv.file_cv_id;public.sys_fts_queue.entity_id,0,0,E_ACTIVE_LINKED_FILE_MISSING,business_owner_decision_required_before_stage_3,yes
1f414c0b-3950-7cf4-394f-2c7faded1578,2020/05/26/1f414c0b-3950-7cf4-394f-2c7faded1578.pdf,2020-05-26,f,,pdf,108612,00cf3e96988f0e775a576cee2466b8cd,20,2,2,0,2,public.hunttech_candidate_cv.file_cv_id;public.sys_fts_queue.entity_id,0,0,E_ACTIVE_LINKED_FILE_MISSING,business_owner_decision_required_before_stage_3,yes
0c9426c7-ff9b-799a-d437-ab8335237c8c,2020/05/27/0c9426c7-ff9b-799a-d437-ab8335237c8c.pdf,2020-05-27,f,,pdf,31706,db175f4ca2dbb5a6749f03b380b381b5,25,2,2,0,2,public.hunttech_candidate_cv.original_file_cv_id;public.sys_fts_queue.entity_id,0,0,E_ACTIVE_LINKED_FILE_MISSING,business_owner_decision_required_before_stage_3,yes
7255719c-de03-6f23-ea69-4dc2245fb3b0,2020/05/27/7255719c-de03-6f23-ea69-4dc2245fb3b0.pdf,2020-05-27,f,,pdf,47827,af2718019122f8cb35694f8b019b9a27,16,2,2,0,2,public.hunttech_candidate_cv.original_file_cv_id;public.sys_fts_queue.entity_id,0,0,E_ACTIVE_LINKED_FILE_MISSING,business_owner_decision_required_before_stage_3,yes
b73ea532-5bbc-92e4-36fa-2f54d2f7cc5a,2020/05/27/b73ea532-5bbc-92e4-36fa-2f54d2f7cc5a.pdf,2020-05-27,f,,pdf,33759,f1bc0aa09e2b848886aeff2de53d3568,25,2,2,0,2,public.hunttech_candidate_cv.original_file_cv_id;public.sys_fts_queue.entity_id,0,0,E_ACTIVE_LINKED_FILE_MISSING,business_owner_decision_required_before_stage_3,yes
aa3e849d-0b5d-44f6-c1fc-826e6ba0ac91,2020/05/28/aa3e849d-0b5d-44f6-c1fc-826e6ba0ac91.pdf,2020-05-28,f,,pdf,33223,582c61b3befb68735980eecb5535367a,34,1,1,0,1,public.sys_fts_queue.entity_id,0,0,E_ACTIVE_LINKED_FILE_MISSING,business_owner_decision_required_before_stage_3,yes
b4aab1dd-b242-7950-ff76-fa31fd6f6425,2020/05/28/b4aab1dd-b242-7950-ff76-fa31fd6f6425.pdf,2020-05-28,f,,pdf,43927,d12d4612c5f90b75442ca360aed9d070,16,2,2,0,2,public.hunttech_candidate_cv.original_file_cv_id;public.sys_fts_queue.entity_id,0,0,E_ACTIVE_LINKED_FILE_MISSING,business_owner_decision_required_before_stage_3,yes
eafa98a0-72f9-9a59-5e23-44957c7b3e07,2020/05/28/eafa98a0-72f9-9a59-5e23-44957c7b3e07.pdf,2020-05-28,f,,pdf,71179,cf166f9f9d7f3d713cd26c6690435513,16,2,2,0,2,public.hunttech_candidate_cv.original_file_cv_id;public.sys_fts_queue.entity_id,0,0,E_ACTIVE_LINKED_FILE_MISSING,business_owner_decision_required_before_stage_3,yes
2c5ce6be-f7b4-a924-a614-be80ba2b0299,2020/05/29/2c5ce6be-f7b4-a924-a614-be80ba2b0299.pdf,2020-05-29,f,,pdf,38721,6399170b0746a86c3abf1ba59e038fc7,33,2,2,0,2,public.hunttech_candidate_cv.original_file_cv_id;public.sys_fts_queue.entity_id,0,0,E_ACTIVE_LINKED_FILE_MISSING,business_owner_decision_required_before_stage_3,yes
60c4357e-2a10-c4cf-a394-b65a5ba0d9a2,2020/05/29/60c4357e-2a10-c4cf-a394-b65a5ba0d9a2.pdf,2020-05-29,f,,pdf,37306,f14f750f3e3bba4e95354f51c0641c2f,32,2,2,0,2,public.hunttech_candidate_cv.original_file_cv_id;public.sys_fts_queue.entity_id,0,0,E_ACTIVE_LINKED_FILE_MISSING,business_owner_decision_required_before_stage_3,yes
86727fef-038c-cf51-c055-b431aabcb7e8,2020/05/29/86727fef-038c-cf51-c055-b431aabcb7e8.pdf,2020-05-29,f,,pdf,36161,dc6f151af608f268d1bf8b114fdae7fd,25,2,2,0,2,public.hunttech_candidate_cv.original_file_cv_id;public.sys_fts_queue.entity_id,0,0,E_ACTIVE_LINKED_FILE_MISSING,business_owner_decision_required_before_stage_3,yes
3408819c-338d-bc2c-939b-c1de579e9aa9,2020/06/01/3408819c-338d-bc2c-939b-c1de579e9aa9.pdf,2020-06-01,f,,pdf,201713,b46af830a16d1690810552655f040b81,31,2,2,0,2,public.hunttech_candidate_cv.original_file_cv_id;public.sys_fts_queue.entity_id,0,0,E_ACTIVE_LINKED_FILE_MISSING,business_owner_decision_required_before_stage_3,yes
6f8db0a8-dd49-fca5-eef5-d89e9088a828,2020/06/01/6f8db0a8-dd49-fca5-eef5-d89e9088a828.py,2020-06-01,f,,py,1366,2aa599a05e454714c52cfca86a582c87,26,2,2,0,2,public.hunttech_some_files.file_descriptor_id;public.sys_fts_queue.entity_id,0,0,E_ACTIVE_LINKED_FILE_MISSING,business_owner_decision_required_before_stage_3,yes
53517ee0-834d-f6ad-17e0-778ce5200312,2020/06/02/53517ee0-834d-f6ad-17e0-778ce5200312.pdf,2020-06-02,f,,pdf,36603,9b0395c4b1717eda0eb675feee590bb6,22,2,2,0,2,public.hunttech_candidate_cv.original_file_cv_id;public.sys_fts_queue.entity_id,0,0,E_ACTIVE_LINKED_FILE_MISSING,business_owner_decision_required_before_stage_3,yes
7aabe30b-46f3-517f-80dc-185f7926352c,2020/06/02/7aabe30b-46f3-517f-80dc-185f7926352c.pdf,2020-06-02,f,,pdf,409146,6e9682da49d0a338c3e554018052c0c6,33,2,2,0,2,public.hunttech_candidate_cv.original_file_cv_id;public.sys_fts_queue.entity_id,0,0,E_ACTIVE_LINKED_FILE_MISSING,business_owner_decision_required_before_stage_3,yes
b238217b-f0ab-7abd-ff94-783ff189637c,2020/06/02/b238217b-f0ab-7abd-ff94-783ff189637c.pdf,2020-06-02,f,,pdf,156801,7857c21273664cb117680027118820d3,30,2,2,0,2,public.hunttech_candidate_cv.original_file_cv_id;public.sys_fts_queue.entity_id,0,0,E_ACTIVE_LINKED_FILE_MISSING,business_owner_decision_required_before_stage_3,yes
f936f1cb-78c4-27e1-aba0-78fd2f6f3779,2020/06/02/f936f1cb-78c4-27e1-aba0-78fd2f6f3779.pdf,2020-06-02,f,,pdf,521699,ffb93301290b9206c78878bf179caf22,31,2,2,0,2,public.hunttech_candidate_cv.original_file_cv_id;public.sys_fts_queue.entity_id,0,0,E_ACTIVE_LINKED_FILE_MISSING,business_owner_decision_required_before_stage_3,yes
fc466eb7-5a63-7f54-73bc-2cda65a2468d,2020/06/02/fc466eb7-5a63-7f54-73bc-2cda65a2468d.pdf,2020-06-02,f,,pdf,33528,7e55846c4c03bf41cc328bc26db871bd,25,2,2,0,2,public.hunttech_candidate_cv.original_file_cv_id;public.sys_fts_queue.entity_id,0,0,E_ACTIVE_LINKED_FILE_MISSING,business_owner_decision_required_before_stage_3,yes
47c2d392-96ed-ed07-f960-1a52cdd490bb,2020/06/03/47c2d392-96ed-ed07-f960-1a52cdd490bb.pdf,2020-06-03,f,,pdf,38532,219c2efe88f9049ce868c3d7f2bd5405,16,2,2,0,2,public.hunttech_candidate_cv.original_file_cv_id;public.sys_fts_queue.entity_id,0,0,E_ACTIVE_LINKED_FILE_MISSING,business_owner_decision_required_before_stage_3,yes
5e91dccb-91ce-b870-799e-f57aa9aa6e90,2020/06/03/5e91dccb-91ce-b870-799e-f57aa9aa6e90.docx,2020-06-03,f,,docx,23340,69141e1fb6d17f1820ae6d0cce28e722,22,2,2,0,2,public.hunttech_candidate_cv.file_cv_id;public.sys_fts_queue.entity_id,0,0,E_ACTIVE_LINKED_FILE_MISSING,business_owner_decision_required_before_stage_3,yes
7cf9f33e-78d8-8c30-6104-09df518998c7,2020/06/03/7cf9f33e-78d8-8c30-6104-09df518998c7.pdf,2020-06-03,f,,pdf,44161,9cbde6ebc92928e73b906a018f572312,16,2,2,0,2,public.hunttech_candidate_cv.original_file_cv_id;public.sys_fts_queue.entity_id,0,0,E_ACTIVE_LINKED_FILE_MISSING,business_owner_decision_required_before_stage_3,yes
4c44bf56-b3ce-275a-cbc7-cf4ef8c6d2e9,2020/06/04/4c44bf56-b3ce-275a-cbc7-cf4ef8c6d2e9.pdf,2020-06-04,f,,pdf,47959,2f21e7e768cb327fc798fd565ab33b54,16,2,2,0,2,public.hunttech_candidate_cv.original_file_cv_id;public.sys_fts_queue.entity_id,0,0,E_ACTIVE_LINKED_FILE_MISSING,business_owner_decision_required_before_stage_3,yes
98249fb8-6558-a2a9-93df-d60f6a806fd1,2020/06/04/98249fb8-6558-a2a9-93df-d60f6a806fd1.pdf,2020-06-04,f,,pdf,65408,eebdfa9936d9320c33713d10ac5fd8ec,21,2,2,0,2,public.hunttech_candidate_cv.file_cv_id;public.sys_fts_queue.entity_id,0,0,E_ACTIVE_LINKED_FILE_MISSING,business_owner_decision_required_before_stage_3,yes
05f3e507-be12-4616-73ab-4d79d424741f,2020/06/09/05f3e507-be12-4616-73ab-4d79d424741f.pdf,2020-06-09,f,,pdf,409223,b8cfe83c56cad4b71dbc64395d322b9b,35,2,2,0,2,public.hunttech_candidate_cv.original_file_cv_id;public.sys_fts_queue.entity_id,0,0,E_ACTIVE_LINKED_FILE_MISSING,business_owner_decision_required_before_stage_3,yes
3753a084-d53e-8c50-20a1-de463516be72,2020/06/09/3753a084-d53e-8c50-20a1-de463516be72.pdf,2020-06-09,f,,pdf,36603,415d3d593c2e795dff76f1bdf3d216c5,22,2,2,0,2,public.hunttech_candidate_cv.original_file_cv_id;public.sys_fts_queue.entity_id,0,0,E_ACTIVE_LINKED_FILE_MISSING,business_owner_decision_required_before_stage_3,yes
52011c21-843e-8231-9097-029e92eace0d,2020/06/09/52011c21-843e-8231-9097-029e92eace0d.pdf,2020-06-09,f,,pdf,69800,878db114cb7c53336f1fefddc001f653,16,2,2,0,2,public.hunttech_candidate_cv.original_file_cv_id;public.sys_fts_queue.entity_id,0,0,E_ACTIVE_LINKED_FILE_MISSING,business_owner_decision_required_before_stage_3,yes
5228bfd8-7b41-e57e-b31b-98ab5943fc59,2020/06/09/5228bfd8-7b41-e57e-b31b-98ab5943fc59.pdf,2020-06-09,f,,pdf,319517,336367ee4a8cc63fcc9176cf40c8f96b,36,2,2,0,2,public.hunttech_candidate_cv.original_file_cv_id;public.sys_fts_queue.entity_id,0,0,E_ACTIVE_LINKED_FILE_MISSING,business_owner_decision_required_before_stage_3,yes
8a034724-eae6-9914-3eaa-2ac06e8394ea,2020/06/09/8a034724-eae6-9914-3eaa-2ac06e8394ea.docx,2020-06-09,f,,docx,38799,d4abd2f2e29075f93668c129e2d91d34,25,2,2,0,2,public.hunttech_candidate_cv.original_file_cv_id;public.sys_fts_queue.entity_id,0,0,E_ACTIVE_LINKED_FILE_MISSING,business_owner_decision_required_before_stage_3,yes
e4b0b991-cdb6-795d-92c5-4d4dc4c63735,2020/06/09/e4b0b991-cdb6-795d-92c5-4d4dc4c63735.pdf,2020-06-09,f,,pdf,420256,a8707cb620bb9b6d20b9955f88eea57f,19,2,2,0,2,public.hunttech_candidate_cv.original_file_cv_id;public.sys_fts_queue.entity_id,0,0,E_ACTIVE_LINKED_FILE_MISSING,business_owner_decision_required_before_stage_3,yes
ec86eb7b-7f8d-5299-9ace-09aedc623bcd,2020/06/09/ec86eb7b-7f8d-5299-9ace-09aedc623bcd.pdf,2020-06-09,f,,pdf,37726,63065d280bcbc140b9dc5e004da9fc4a,44,2,2,0,2,public.hunttech_candidate_cv.original_file_cv_id;public.sys_fts_queue.entity_id,0,0,E_ACTIVE_LINKED_FILE_MISSING,business_owner_decision_required_before_stage_3,yes
23d71de3-d984-0042-5068-ac6ae8419d1d,2020/06/10/23d71de3-d984-0042-5068-ac6ae8419d1d.pdf,2020-06-10,f,,pdf,296247,3c586ece9a4cca8bc2d0d2e5cbbba491,26,2,2,0,2,public.hunttech_candidate_cv.original_file_cv_id;public.sys_fts_queue.entity_id,0,0,E_ACTIVE_LINKED_FILE_MISSING,business_owner_decision_required_before_stage_3,yes
7d79a553-f6cf-3f1b-c69f-96a3cc601982,2020/06/10/7d79a553-f6cf-3f1b-c69f-96a3cc601982.pdf,2020-06-10,f,,pdf,46041,42cad047e0fc8093fce4a5876ada8873,32,2,2,0,2,public.hunttech_candidate_cv.original_file_cv_id;public.sys_fts_queue.entity_id,0,0,E_ACTIVE_LINKED_FILE_MISSING,business_owner_decision_required_before_stage_3,yes
91c03a5b-8cc9-782a-535e-aeee21058ef6,2020/06/10/91c03a5b-8cc9-782a-535e-aeee21058ef6.pdf,2020-06-10,f,,pdf,48022,602fd0d89c16dc7fb7cc7afd07501306,25,2,2,0,2,public.hunttech_candidate_cv.original_file_cv_id;public.sys_fts_queue.entity_id,0,0,E_ACTIVE_LINKED_FILE_MISSING,business_owner_decision_required_before_stage_3,yes
439cd4c8-6366-297f-12d7-8b354493cec1,2020/06/15/439cd4c8-6366-297f-12d7-8b354493cec1.pdf,2020-06-15,f,,pdf,63989,fa577b4b5e0265fb84d9baad6e3ff622,20,2,2,0,2,public.hunttech_candidate_cv.file_cv_id;public.sys_fts_queue.entity_id,0,0,E_ACTIVE_LINKED_FILE_MISSING,business_owner_decision_required_before_stage_3,yes
58e10cb7-3c3d-c94d-06d8-47a5a87d7f45,2020/06/15/58e10cb7-3c3d-c94d-06d8-47a5a87d7f45.pdf,2020-06-15,f,,pdf,53885,131ac309c3585690fc7c11e9f307dc85,17,2,2,0,2,public.hunttech_candidate_cv.file_cv_id;public.sys_fts_queue.entity_id,0,0,E_ACTIVE_LINKED_FILE_MISSING,business_owner_decision_required_before_stage_3,yes
cf73980b-a948-2f04-44c1-19efd72ed06f,2020/06/15/cf73980b-a948-2f04-44c1-19efd72ed06f.pdf,2020-06-15,f,,pdf,43670,bc10cc1dfe947a74e11bc0f94a3cda98,21,2,2,0,2,public.hunttech_candidate_cv.file_cv_id;public.sys_fts_queue.entity_id,0,0,E_ACTIVE_LINKED_FILE_MISSING,business_owner_decision_required_before_stage_3,yes
7c2da710-12a3-2924-bce5-6328df90ed3f,2020/06/16/7c2da710-12a3-2924-bce5-6328df90ed3f.pdf,2020-06-16,f,,pdf,59512,8143201a891b5b89bb148908bec865bd,18,2,2,0,2,public.hunttech_candidate_cv.file_cv_id;public.sys_fts_queue.entity_id,0,0,E_ACTIVE_LINKED_FILE_MISSING,business_owner_decision_required_before_stage_3,yes
8c2ea0e9-dd27-59c2-1694-9aa705d93c40,2020/06/16/8c2ea0e9-dd27-59c2-1694-9aa705d93c40.pdf,2020-06-16,f,,pdf,339302,6794f1c112160b05d413d344bf026ee2,26,2,2,0,2,public.hunttech_candidate_cv.original_file_cv_id;public.sys_fts_queue.entity_id,0,0,E_ACTIVE_LINKED_FILE_MISSING,business_owner_decision_required_before_stage_3,yes
c74cfa13-5448-288f-0cd7-1fb28b6e7fdd,2020/06/16/c74cfa13-5448-288f-0cd7-1fb28b6e7fdd.pdf,2020-06-16,f,,pdf,38072,1bdc26e9c4181d52bb03907d3d4b0406,33,2,2,0,2,public.hunttech_candidate_cv.original_file_cv_id;public.sys_fts_queue.entity_id,0,0,E_ACTIVE_LINKED_FILE_MISSING,business_owner_decision_required_before_stage_3,yes
7932dc77-025d-16e6-fe5f-d19a7c2ab468,2020/06/17/7932dc77-025d-16e6-fe5f-d19a7c2ab468.pdf,2020-06-17,f,,pdf,58522,bcc63281a886c6708cb9bac5a4de9696,20,2,2,0,2,public.hunttech_candidate_cv.file_cv_id;public.sys_fts_queue.entity_id,0,0,E_ACTIVE_LINKED_FILE_MISSING,business_owner_decision_required_before_stage_3,yes
a5d9b040-3a03-f58d-0a36-434b1031dcea,2020/06/17/a5d9b040-3a03-f58d-0a36-434b1031dcea.pdf,2020-06-17,f,,pdf,72383,7fd2423f382db3fe3ce2f3a26751e842,18,2,2,0,2,public.hunttech_candidate_cv.file_cv_id;public.sys_fts_queue.entity_id,0,0,E_ACTIVE_LINKED_FILE_MISSING,business_owner_decision_required_before_stage_3,yes
ed52311d-d6a3-eae3-7068-917d7eaaec67,2020/06/17/ed52311d-d6a3-eae3-7068-917d7eaaec67.pdf,2020-06-17,f,,pdf,36574,af8fd27ca5f297353a8ec85b41a3306e,32,2,2,0,2,public.hunttech_candidate_cv.original_file_cv_id;public.sys_fts_queue.entity_id,0,0,E_ACTIVE_LINKED_FILE_MISSING,business_owner_decision_required_before_stage_3,yes
ee1e7d79-d1a5-9d21-fd2b-d04a8f09d2ee,2020/06/17/ee1e7d79-d1a5-9d21-fd2b-d04a8f09d2ee.pdf,2020-06-17,f,,pdf,41054,d687d631308b9bcb14abaadb31a2d2be,24,2,2,0,2,public.hunttech_candidate_cv.original_file_cv_id;public.sys_fts_queue.entity_id,0,0,E_ACTIVE_LINKED_FILE_MISSING,business_owner_decision_required_before_stage_3,yes
5e1dc857-2112-9b29-61c5-b01ffc0cb28e,2020/07/14/5e1dc857-2112-9b29-61c5-b01ffc0cb28e.pdf,2020-07-14,f,,pdf,44453,219c2efe88f9049ce868c3d7f2bd5405,16,2,2,0,2,public.hunttech_candidate_cv.original_file_cv_id;public.sys_fts_queue.entity_id,0,0,E_ACTIVE_LINKED_FILE_MISSING,business_owner_decision_required_before_stage_3,yes
68b6cd15-bde9-119c-0662-4260a966e587,2020/07/14/68b6cd15-bde9-119c-0662-4260a966e587.pdf,2020-07-14,f,,pdf,61430,a009ee91378a2bbd90c2205a1c04a0dc,17,2,2,0,2,public.hunttech_candidate_cv.file_cv_id;public.sys_fts_queue.entity_id,0,0,E_ACTIVE_LINKED_FILE_MISSING,business_owner_decision_required_before_stage_3,yes
d0827d76-bfe8-1f73-880b-f53638e5bb8f,2020/07/14/d0827d76-bfe8-1f73-880b-f53638e5bb8f.pdf,2020-07-14,f,,pdf,59948,cfa534e70611be9ae78937b2f172a9a5,21,2,2,0,2,public.hunttech_candidate_cv.file_cv_id;public.sys_fts_queue.entity_id,0,0,E_ACTIVE_LINKED_FILE_MISSING,business_owner_decision_required_before_stage_3,yes
cb0c9978-dd1e-b1d0-0fb0-160313eaa69c,2020/11/16/cb0c9978-dd1e-b1d0-0fb0-160313eaa69c.pdf,2020-11-16,f,,pdf,436078,f690229642a2b8bc66e9fbb05793266b,5,2,2,0,2,public.hunttech_some_files.file_descriptor_id;public.sys_fts_queue.entity_id,0,0,E_ACTIVE_LINKED_FILE_MISSING,business_owner_decision_required_before_stage_3,yes
d97bf735-0a1e-3b18-0a68-feff70bc7a26,2020/11/16/d97bf735-0a1e-3b18-0a68-feff70bc7a26.pdf,2020-11-16,f,,pdf,27185,eec43027a0cb57c11a5c812f817e5fb0,5,2,2,0,2,public.hunttech_some_files.file_descriptor_id;public.sys_fts_queue.entity_id,0,0,E_ACTIVE_LINKED_FILE_MISSING,business_owner_decision_required_before_stage_3,yes
bb268df5-fac7-6267-a932-4130a8c2e4a8,2020/11/17/bb268df5-fac7-6267-a932-4130a8c2e4a8.docx,2020-11-17,f,,docx,209328,6617e42449c6e94a5d8ed1125b0a68c9,13,2,2,0,2,public.hunttech_some_files.file_descriptor_id;public.sys_fts_queue.entity_id,0,0,E_ACTIVE_LINKED_FILE_MISSING,business_owner_decision_required_before_stage_3,yes
c93e3f6c-f6d9-4232-f1a6-cc63249b94bf,2020/11/19/c93e3f6c-f6d9-4232-f1a6-cc63249b94bf.zip,2020-11-19,f,,zip,1164,f720bb20c9debe49720084a1a85a94d2,20,2,2,0,2,public.hunttech_some_files.file_descriptor_id;public.sys_fts_queue.entity_id,0,0,E_ACTIVE_LINKED_FILE_MISSING,business_owner_decision_required_before_stage_3,yes
91389eb9-f27f-4d64-54a4-f58793c2db1b,2020/11/20/91389eb9-f27f-4d64-54a4-f58793c2db1b.docx,2020-11-20,f,,docx,821632,3ad9d7909308653dee770946b635db57,25,2,2,0,2,public.hunttech_some_files.file_descriptor_id;public.sys_fts_queue.entity_id,0,0,E_ACTIVE_LINKED_FILE_MISSING,business_owner_decision_required_before_stage_3,yes
326eef0d-bc56-7d43-cb3d-5c8484e7e88c,2020/11/24/326eef0d-bc56-7d43-cb3d-5c8484e7e88c.py,2020-11-24,f,,py,5498,4d157a07f990552e1bbf657212ddfc1b,16,2,2,0,2,public.hunttech_some_files.file_descriptor_id;public.sys_fts_queue.entity_id,0,0,E_ACTIVE_LINKED_FILE_MISSING,business_owner_decision_required_before_stage_3,yes
ae90a025-426c-a94d-1268-726abbde5d42,2020/11/24/ae90a025-426c-a94d-1268-726abbde5d42.py,2020-11-24,f,,py,1997,3d892e4c59d0867ea9bcc3de7ba7b8e9,21,2,2,0,2,public.hunttech_some_files.file_descriptor_id;public.sys_fts_queue.entity_id,0,0,E_ACTIVE_LINKED_FILE_MISSING,business_owner_decision_required_before_stage_3,yes
d58e014b-d15d-27e9-d282-4ddbd179d7e7,2020/11/24/d58e014b-d15d-27e9-d282-4ddbd179d7e7.jpg,2020-11-24,f,,jpg,93675,c570ee903affe37793caf227097420a1,23,1,1,0,1,public.sys_fts_queue.entity_id,0,0,E_ACTIVE_LINKED_FILE_MISSING,business_owner_decision_required_before_stage_3,yes
1a91a841-229b-1212-9be2-272ac3c970cd,2020/11/27/1a91a841-229b-1212-9be2-272ac3c970cd.docx,2020-11-27,f,,docx,12698,5d3632b609f130f309e3165db5a81be3,17,2,2,0,2,public.hunttech_some_files.file_descriptor_id;public.sys_fts_queue.entity_id,0,0,E_ACTIVE_LINKED_FILE_MISSING,business_owner_decision_required_before_stage_3,yes
7f1b644a-787e-c54d-db5c-d73ab5e807d7,2020/11/27/7f1b644a-787e-c54d-db5c-d73ab5e807d7.pdf,2020-11-27,f,,pdf,46692,c03c227807a4c8ea16a6a83e66cc195c,19,2,2,0,2,public.hunttech_some_files.file_descriptor_id;public.sys_fts_queue.entity_id,0,0,E_ACTIVE_LINKED_FILE_MISSING,business_owner_decision_required_before_stage_3,yes
8033f494-f648-3a89-18f9-09196f2b1138,2020/11/27/8033f494-f648-3a89-18f9-09196f2b1138.pdf,2020-11-27,f,,pdf,82492,bcec9bceace41ca17cb7ecd450bb55c0,31,2,2,0,2,public.hunttech_some_files.file_descriptor_id;public.sys_fts_queue.entity_id,0,0,E_ACTIVE_LINKED_FILE_MISSING,business_owner_decision_required_before_stage_3,yes
d94269b2-d136-bb1c-0c56-cc02850ca863,2020/11/27/d94269b2-d136-bb1c-0c56-cc02850ca863.pdf,2020-11-27,f,,pdf,46692,c03c227807a4c8ea16a6a83e66cc195c,19,2,2,0,2,public.hunttech_some_files.file_descriptor_id;public.sys_fts_queue.entity_id,0,0,E_ACTIVE_LINKED_FILE_MISSING,business_owner_decision_required_before_stage_3,yes
37cbe108-c87a-813a-b5d3-33d2d84d16e0,2020/11/30/37cbe108-c87a-813a-b5d3-33d2d84d16e0.pdf,2020-11-30,f,,pdf,47742,14251122f797f299a3d2384f38902dd5,21,2,2,0,2,public.hunttech_some_files.file_descriptor_id;public.sys_fts_queue.entity_id,0,0,E_ACTIVE_LINKED_FILE_MISSING,business_owner_decision_required_before_stage_3,yes
a49df0ea-c438-22b5-d3ce-ca1fad2498a3,2020/11/30/a49df0ea-c438-22b5-d3ce-ca1fad2498a3.pdf,2020-11-30,f,,pdf,90627,dd41876bad3ac46ecdd7639f4af0d2ce,19,2,2,0,2,public.hunttech_some_files.file_descriptor_id;public.sys_fts_queue.entity_id,0,0,E_ACTIVE_LINKED_FILE_MISSING,business_owner_decision_required_before_stage_3,yes
483c0bd3-6da5-ac62-2e75-bb81807367a6,2020/12/01/483c0bd3-6da5-ac62-2e75-bb81807367a6.pdf,2020-12-01,f,,pdf,94881,390f1a11d7d2bd85c739620b7e9497d1,16,2,2,0,2,public.hunttech_some_files.file_descriptor_id;public.sys_fts_queue.entity_id,0,0,E_ACTIVE_LINKED_FILE_MISSING,business_owner_decision_required_before_stage_3,yes
dbe3011d-8177-8002-1588-e7fc352da938,2020/12/02/dbe3011d-8177-8002-1588-e7fc352da938.pdf,2020-12-02,f,,pdf,391331,b5d8c339a2db47186906a7eb25ec3169,26,2,2,0,2,public.hunttech_some_files.file_descriptor_id;public.sys_fts_queue.entity_id,0,0,E_ACTIVE_LINKED_FILE_MISSING,business_owner_decision_required_before_stage_3,yes
20be0cf4-6076-f354-2dd7-71529a237ce0,2020/12/14/20be0cf4-6076-f354-2dd7-71529a237ce0.py,2020-12-14,f,,py,4406,3d892e4c59d0867ea9bcc3de7ba7b8e9,21,2,2,0,2,public.hunttech_some_files.file_descriptor_id;public.sys_fts_queue.entity_id,0,0,E_ACTIVE_LINKED_FILE_MISSING,business_owner_decision_required_before_stage_3,yes
467f6726-a6c7-d419-e568-7a496e27ed3a,2020/12/14/467f6726-a6c7-d419-e568-7a496e27ed3a.py,2020-12-14,f,,py,1995,4d157a07f990552e1bbf657212ddfc1b,16,2,2,0,2,public.hunttech_some_files.file_descriptor_id;public.sys_fts_queue.entity_id,0,0,E_ACTIVE_LINKED_FILE_MISSING,business_owner_decision_required_before_stage_3,yes
4a81323c-3e1e-3e24-4fcc-7581f6357ec9,2021/01/13/4a81323c-3e1e-3e24-4fcc-7581f6357ec9.py,2021-01-13,f,,py,2766,e133be5a1be0a74aea38cce3c5f1abcd,21,2,2,0,2,public.hunttech_some_files.file_descriptor_id;public.sys_fts_queue.entity_id,0,0,E_ACTIVE_LINKED_FILE_MISSING,business_owner_decision_required_before_stage_3,yes
333dac21-5a83-2b85-2b3b-314f6b1edf3e,2021/02/04/333dac21-5a83-2b85-2b3b-314f6b1edf3e.pdf,2021-02-04,f,,pdf,38922,3076f794c2ac7c6698bc56e07e89d06e,35,2,2,0,2,public.hunttech_some_files.file_descriptor_id;public.sys_fts_queue.entity_id,0,0,E_ACTIVE_LINKED_FILE_MISSING,business_owner_decision_required_before_stage_3,yes
ae186a0c-eb28-535b-040c-85af00f84821,2021/02/04/ae186a0c-eb28-535b-040c-85af00f84821.docx,2021-02-04,f,,docx,23963,096341705ba5a9bfdc01b854d967847c,22,2,2,0,2,public.hunttech_some_files.file_descriptor_id;public.sys_fts_queue.entity_id,0,0,E_ACTIVE_LINKED_FILE_MISSING,business_owner_decision_required_before_stage_3,yes
4298d394-4297-874e-446e-871cea6a88b8,2021/03/19/4298d394-4297-874e-446e-871cea6a88b8.pdf,2021-03-19,f,,pdf,31399,8e7add84b155e70b261628f8a426b755,35,2,2,0,2,public.hunttech_some_files.file_descriptor_id;public.sys_fts_queue.entity_id,0,0,E_ACTIVE_LINKED_FILE_MISSING,business_owner_decision_required_before_stage_3,yes
4a80a5bd-c01d-e9e8-3934-739684bc3985,2021/03/19/4a80a5bd-c01d-e9e8-3934-739684bc3985.pdf,2021-03-19,f,,pdf,530415,73e19e7f66f651d49f247eba2a7b2e7a,29,2,2,0,2,public.hunttech_some_files.file_descriptor_id;public.sys_fts_queue.entity_id,0,0,E_ACTIVE_LINKED_FILE_MISSING,business_owner_decision_required_before_stage_3,yes
4c440b94-290b-790a-fb90-8f506cea94c2,2021/03/29/4c440b94-290b-790a-fb90-8f506cea94c2.pdf,2021-03-29,f,,pdf,92929,ee8c601273f7042c8e00f98327bb14ba,24,2,2,0,2,public.hunttech_some_files.file_descriptor_id;public.sys_fts_queue.entity_id,0,0,E_ACTIVE_LINKED_FILE_MISSING,business_owner_decision_required_before_stage_3,yes
5fe16f5c-4d66-e3d0-3921-a6867fe6f868,2021/04/02/5fe16f5c-4d66-e3d0-3921-a6867fe6f868.pdf,2021-04-02,f,,pdf,352610,1ce2ce7c456d13ef78985955aabffe3e,29,2,2,0,2,public.hunttech_some_files.file_descriptor_id;public.sys_fts_queue.entity_id,0,0,E_ACTIVE_LINKED_FILE_MISSING,business_owner_decision_required_before_stage_3,yes
f6bcafa2-9d19-9136-4273-695bf1056cf2,2021/04/02/f6bcafa2-9d19-9136-4273-695bf1056cf2.pdf,2021-04-02,f,,pdf,110188,b20c8a8c6c9e5e8cfecdbac97fd8bb30,21,2,2,0,2,public.hunttech_some_files.file_descriptor_id;public.sys_fts_queue.entity_id,0,0,E_ACTIVE_LINKED_FILE_MISSING,business_owner_decision_required_before_stage_3,yes
4512abc1-d86d-6cd1-33ff-9bd288005c1d,2021/04/21/4512abc1-d86d-6cd1-33ff-9bd288005c1d.docx,2021-04-21,f,,docx,21090,68bd7c2a19ed6727fade3f82c2b3d6cf,24,2,2,0,2,public.hunttech_some_files.file_descriptor_id;public.sys_fts_queue.entity_id,0,0,E_ACTIVE_LINKED_FILE_MISSING,business_owner_decision_required_before_stage_3,yes
2e41d394-cd7f-21d1-91e7-9c1d527af069,2021/04/23/2e41d394-cd7f-21d1-91e7-9c1d527af069.pptx,2021-04-23,f,,pptx,9075209,1fdb7a452f374ee8104b5829b43b9779,31,2,2,0,2,public.hunttech_some_files.file_descriptor_id;public.sys_fts_queue.entity_id,0,0,E_ACTIVE_LINKED_FILE_MISSING,business_owner_decision_required_before_stage_3,yes
37178805-109a-7cd2-1508-7f557caae5e8,2021/04/23/37178805-109a-7cd2-1508-7f557caae5e8.txt,2021-04-23,f,,txt,830,a12b3cbd664d6fc80cc7980df525391b,27,2,2,0,2,public.hunttech_some_files.file_descriptor_id;public.sys_fts_queue.entity_id,0,0,E_ACTIVE_LINKED_FILE_MISSING,business_owner_decision_required_before_stage_3,yes
a16fedca-2fa5-7579-f6aa-6535aa70b1e3,2021/04/23/a16fedca-2fa5-7579-f6aa-6535aa70b1e3.txt,2021-04-23,f,,txt,215,26fd799ea07494916e9da9b91b2aac64,10,2,2,0,2,public.hunttech_some_files.file_descriptor_id;public.sys_fts_queue.entity_id,0,0,E_ACTIVE_LINKED_FILE_MISSING,business_owner_decision_required_before_stage_3,yes
460aad4b-6e93-b986-6c64-f442364f5e2b,2021/05/06/460aad4b-6e93-b986-6c64-f442364f5e2b.pdf,2021-05-06,f,,pdf,318507,aaa70dcb0ad535bc1a4d3c5b790c042a,19,2,2,0,2,public.hunttech_some_files.file_descriptor_id;public.sys_fts_queue.entity_id,0,0,E_ACTIVE_LINKED_FILE_MISSING,business_owner_decision_required_before_stage_3,yes
b13e87ae-31f6-697f-d2c7-a9a7d4bf750a,2021/05/06/b13e87ae-31f6-697f-d2c7-a9a7d4bf750a.pdf,2021-05-06,f,,pdf,296672,07eb8386ff533b35b5b1beb5524a04d4,17,2,2,0,2,public.hunttech_some_files.file_descriptor_id;public.sys_fts_queue.entity_id,0,0,E_ACTIVE_LINKED_FILE_MISSING,business_owner_decision_required_before_stage_3,yes
0e38b39e-2299-126d-5c83-0f45866351b1,2021/06/02/0e38b39e-2299-126d-5c83-0f45866351b1.pdf,2021-06-02,f,,pdf,72718,1421f925b28fa75f3e4377b152886895,18,2,2,0,2,public.hunttech_candidate_cv.original_file_cv_id;public.sys_fts_queue.entity_id,0,0,E_ACTIVE_LINKED_FILE_MISSING,business_owner_decision_required_before_stage_3,yes
0e3e92f0-7910-a5fa-9c79-e673b981ccb7,2021/06/02/0e3e92f0-7910-a5fa-9c79-e673b981ccb7.pdf,2021-06-02,f,,pdf,29530,273dd33619736f28ded1b4131cfb622e,18,2,2,0,2,public.hunttech_candidate_cv.original_file_cv_id;public.sys_fts_queue.entity_id,0,0,E_ACTIVE_LINKED_FILE_MISSING,business_owner_decision_required_before_stage_3,yes
0f591625-c5c8-3a55-12d6-8d6a9c27f2ba,2021/06/02/0f591625-c5c8-3a55-12d6-8d6a9c27f2ba.pdf,2021-06-02,f,,pdf,209666,d2366764debd62c5bb845c297770f099,33,2,2,0,2,public.hunttech_candidate_cv.original_file_cv_id;public.sys_fts_queue.entity_id,0,0,E_ACTIVE_LINKED_FILE_MISSING,business_owner_decision_required_before_stage_3,yes
3662ee59-e9e9-baee-c1fb-e38b8a02d200,2021/06/02/3662ee59-e9e9-baee-c1fb-e38b8a02d200.pdf,2021-06-02,f,,pdf,59536,32350744bb908d5f63b06457ad6091ee,21,2,2,0,2,public.hunttech_candidate_cv.original_file_cv_id;public.sys_fts_queue.entity_id,0,0,E_ACTIVE_LINKED_FILE_MISSING,business_owner_decision_required_before_stage_3,yes
3ccfeade-d995-0d0e-39fb-ddfbafd53c30,2021/06/02/3ccfeade-d995-0d0e-39fb-ddfbafd53c30.pdf,2021-06-02,f,,pdf,63463,eee8d399cf4ba20105529cba8e3f9403,17,2,2,0,2,public.hunttech_candidate_cv.original_file_cv_id;public.sys_fts_queue.entity_id,0,0,E_ACTIVE_LINKED_FILE_MISSING,business_owner_decision_required_before_stage_3,yes
5610ed24-b57c-143b-0280-b21ddd569c1b,2021/06/02/5610ed24-b57c-143b-0280-b21ddd569c1b.pdf,2021-06-02,f,,pdf,72718,1421f925b28fa75f3e4377b152886895,18,1,1,0,1,public.sys_fts_queue.entity_id,0,0,E_ACTIVE_LINKED_FILE_MISSING,business_owner_decision_required_before_stage_3,yes
853490ad-63ed-f295-13a3-49a29315aa72,2021/06/02/853490ad-63ed-f295-13a3-49a29315aa72.pdf,2021-06-02,f,,pdf,35807,f68a1bcc72c99a60facb16a749c12867,30,2,2,0,2,public.hunttech_candidate_cv.original_file_cv_id;public.sys_fts_queue.entity_id,0,0,E_ACTIVE_LINKED_FILE_MISSING,business_owner_decision_required_before_stage_3,yes
8870415d-5900-3367-0696-12754318bcdd,2021/06/02/8870415d-5900-3367-0696-12754318bcdd.pdf,2021-06-02,f,,pdf,53039,76b90a4f495b0a31db6e862b5ba38b7b,12,2,2,0,2,public.hunttech_candidate_cv.original_file_cv_id;public.sys_fts_queue.entity_id,0,0,E_ACTIVE_LINKED_FILE_MISSING,business_owner_decision_required_before_stage_3,yes
84c5cbb0-5b92-6d49-baf6-d1459e8f595b,2021/06/03/84c5cbb0-5b92-6d49-baf6-d1459e8f595b.pdf,2021-06-03,f,,pdf,76884,74c5d2ea0b39a5689675e13b75dcebaf,21,2,2,0,2,public.hunttech_candidate_cv.original_file_cv_id;public.sys_fts_queue.entity_id,0,0,E_ACTIVE_LINKED_FILE_MISSING,business_owner_decision_required_before_stage_3,yes
72b9b709-0bbe-4e0f-641a-3e527212739d,2021/06/04/72b9b709-0bbe-4e0f-641a-3e527212739d.pdf,2021-06-04,f,,pdf,85729,8345e8599d35d70ae29ab6bb892135fc,48,1,1,0,1,public.sys_fts_queue.entity_id,0,0,E_ACTIVE_LINKED_FILE_MISSING,business_owner_decision_required_before_stage_3,yes
a94649b1-52f8-c406-6e96-852e4f3c89db,2021/06/04/a94649b1-52f8-c406-6e96-852e4f3c89db.pdf,2021-06-04,f,,pdf,88672,40b94e2044a62e7c4703491a103f151a,49,2,2,0,2,public.hunttech_candidate_cv.original_file_cv_id;public.sys_fts_queue.entity_id,0,0,E_ACTIVE_LINKED_FILE_MISSING,business_owner_decision_required_before_stage_3,yes
bb561109-e796-c300-e393-fc1402ca8f6b,2021/06/04/bb561109-e796-c300-e393-fc1402ca8f6b.pdf,2021-06-04,f,,pdf,27078,b6ac7d13b469d31269f15d80077d2e0b,22,1,1,0,1,public.sys_fts_queue.entity_id,0,0,E_ACTIVE_LINKED_FILE_MISSING,business_owner_decision_required_before_stage_3,yes
d96f068b-b345-f3f1-eb51-4ceb2207b9a0,2021/06/04/d96f068b-b345-f3f1-eb51-4ceb2207b9a0.pdf,2021-06-04,f,,pdf,27078,b6ac7d13b469d31269f15d80077d2e0b,22,1,1,0,1,public.sys_fts_queue.entity_id,0,0,E_ACTIVE_LINKED_FILE_MISSING,business_owner_decision_required_before_stage_3,yes
4ed47314-d68a-7f35-5f36-9bf79580718f,2021/06/07/4ed47314-d68a-7f35-5f36-9bf79580718f.pdf,2021-06-07,f,,pdf,71041,aa21ec961d62e2278de16c4263f7dd26,15,2,2,0,2,public.hunttech_candidate_cv.original_file_cv_id;public.sys_fts_queue.entity_id,0,0,E_ACTIVE_LINKED_FILE_MISSING,business_owner_decision_required_before_stage_3,yes
f3ee9f78-1eee-41d9-15d8-308c52f30b41,2021/06/09/f3ee9f78-1eee-41d9-15d8-308c52f30b41.pdf,2021-06-09,f,,pdf,1841269,75e9533c0cf6056bd5f06757e9b2e926,27,2,2,0,2,public.hunttech_some_files.file_descriptor_id;public.sys_fts_queue.entity_id,0,0,E_ACTIVE_LINKED_FILE_MISSING,business_owner_decision_required_before_stage_3,yes
049ea54d-0d73-6eda-2b74-2a3c2f59eab1,2021/06/11/049ea54d-0d73-6eda-2b74-2a3c2f59eab1.pdf,2021-06-11,f,,pdf,357493,c0088dadbd6d927035ba374735172260,27,2,2,0,2,public.hunttech_candidate_cv.original_file_cv_id;public.sys_fts_queue.entity_id,0,0,E_ACTIVE_LINKED_FILE_MISSING,business_owner_decision_required_before_stage_3,yes
aab6440a-8c3e-8557-a1c9-b9fc82a791ab,2021/06/15/aab6440a-8c3e-8557-a1c9-b9fc82a791ab.pdf,2021-06-15,f,,pdf,64297,770e5e0ab8ec5845d00b689ac9327a78,18,2,2,0,2,public.hunttech_candidate_cv.original_file_cv_id;public.sys_fts_queue.entity_id,0,0,E_ACTIVE_LINKED_FILE_MISSING,business_owner_decision_required_before_stage_3,yes
d10e0214-53d3-16d0-7b97-643225b004a5,2021/06/16/d10e0214-53d3-16d0-7b97-643225b004a5.pdf,2021-06-16,f,,pdf,114682,b5eff573bd9d51b86a7cb50c3c56a950,66,2,2,0,2,public.hunttech_candidate_cv.original_file_cv_id;public.sys_fts_queue.entity_id,0,0,E_ACTIVE_LINKED_FILE_MISSING,business_owner_decision_required_before_stage_3,yes
ff95581c-8b79-bb80-094c-3e808f729112,2021/06/16/ff95581c-8b79-bb80-094c-3e808f729112.pdf,2021-06-16,f,,pdf,321886,49a0363ffe54327f7d2e7f8f426e22ea,34,2,2,0,2,public.hunttech_candidate_cv.original_file_cv_id;public.sys_fts_queue.entity_id,0,0,E_ACTIVE_LINKED_FILE_MISSING,business_owner_decision_required_before_stage_3,yes
366b60d9-a6ce-e247-de4d-a0959ab8aaf5,2021/07/06/366b60d9-a6ce-e247-de4d-a0959ab8aaf5.pdf,2021-07-06,f,,pdf,194934,be23cc28fb4ff1b5dae9a695931c9c47,10,2,2,0,2,public.hunttech_some_files.file_descriptor_id;public.sys_fts_queue.entity_id,0,0,E_ACTIVE_LINKED_FILE_MISSING,business_owner_decision_required_before_stage_3,yes
3b710eb6-a47d-9931-6290-1b3164bab621,2021/07/06/3b710eb6-a47d-9931-6290-1b3164bab621.pdf,2021-07-06,f,,pdf,611034,81e7225b5f5dbc9d07e7b13e1851fec0,15,2,2,0,2,public.hunttech_some_files.file_descriptor_id;public.sys_fts_queue.entity_id,0,0,E_ACTIVE_LINKED_FILE_MISSING,business_owner_decision_required_before_stage_3,yes
8d41f24f-695d-6b3a-6337-85683155b955,2021/07/06/8d41f24f-695d-6b3a-6337-85683155b955.pdf,2021-07-06,f,,pdf,617376,3bc63a58bf0f314e77096f60b42487ea,11,2,2,0,2,public.hunttech_some_files.file_descriptor_id;public.sys_fts_queue.entity_id,0,0,E_ACTIVE_LINKED_FILE_MISSING,business_owner_decision_required_before_stage_3,yes
a3cd528f-1712-9434-b631-fe41043e1d8e,2021/07/06/a3cd528f-1712-9434-b631-fe41043e1d8e.pdf,2021-07-06,f,,pdf,57057,a372a70c1bc9d2a5b7540116521ee121,14,2,2,0,2,public.hunttech_some_files.file_descriptor_id;public.sys_fts_queue.entity_id,0,0,E_ACTIVE_LINKED_FILE_MISSING,business_owner_decision_required_before_stage_3,yes
7de4328c-3450-2de0-881c-a534c614bbc8,2021/07/15/7de4328c-3450-2de0-881c-a534c614bbc8.pdf,2021-07-15,f,,pdf,224668,c3fefbdd52804ba215f4874d0830ddc2,41,2,2,0,2,public.hunttech_some_files.file_descriptor_id;public.sys_fts_queue.entity_id,0,0,E_ACTIVE_LINKED_FILE_MISSING,business_owner_decision_required_before_stage_3,yes
0463ae5d-0dac-2e51-8a44-a2caba4bdf39,2021/10/04/0463ae5d-0dac-2e51-8a44-a2caba4bdf39.pdf,2021-10-04,f,,pdf,50074,c2a181cd7cf7aeaab4d39b6b612069de,13,2,2,0,2,public.hunttech_some_files.file_descriptor_id;public.sys_fts_queue.entity_id,0,0,E_ACTIVE_LINKED_FILE_MISSING,business_owner_decision_required_before_stage_3,yes
06f8ba1a-56f3-be57-8a16-e696fee7d550,2021/10/11/06f8ba1a-56f3-be57-8a16-e696fee7d550.docx,2021-10-11,f,,docx,12852,e2ff864af218dcdbefe4738b324c193b,53,2,2,0,2,public.hunttech_some_files.file_descriptor_id;public.sys_fts_queue.entity_id,0,0,E_ACTIVE_LINKED_FILE_MISSING,business_owner_decision_required_before_stage_3,yes
5b9da8ee-898a-83fd-4694-5eeb85bf11a6,2021/10/11/5b9da8ee-898a-83fd-4694-5eeb85bf11a6.pdf,2021-10-11,f,,pdf,105128,2a74695ebc4fd53e52b50f043e6c10ec,52,2,2,0,2,public.hunttech_some_files.file_descriptor_id;public.sys_fts_queue.entity_id,0,0,E_ACTIVE_LINKED_FILE_MISSING,business_owner_decision_required_before_stage_3,yes
d04376ce-6777-0226-c728-77ed3ae7691b,2021/10/11/d04376ce-6777-0226-c728-77ed3ae7691b.zip,2021-10-11,f,,zip,987363,5b3249ba8982925eeae7587c0ff59c1d,14,2,2,0,2,public.hunttech_some_files.file_descriptor_id;public.sys_fts_queue.entity_id,0,0,E_ACTIVE_LINKED_FILE_MISSING,business_owner_decision_required_before_stage_3,yes
53b7d6cd-cab1-ca92-b3f4-acbb5724ec35,2021/12/03/53b7d6cd-cab1-ca92-b3f4-acbb5724ec35.png,2021-12-03,f,,png,3663109,4e55c0f5c1fc3cb8a5cfa106cebec38c,51,2,2,0,2,public.hunttech_some_files.file_descriptor_id;public.sys_fts_queue.entity_id,0,0,E_ACTIVE_LINKED_FILE_MISSING,business_owner_decision_required_before_stage_3,yes
54c729c9-de2b-cbbf-9247-06dbd336aae2,2021/12/03/54c729c9-de2b-cbbf-9247-06dbd336aae2.png,2021-12-03,f,,png,1262553,ae2c8220ae1b8db1c445e45a587f105d,47,2,2,0,2,public.hunttech_some_files.file_descriptor_id;public.sys_fts_queue.entity_id,0,0,E_ACTIVE_LINKED_FILE_MISSING,business_owner_decision_required_before_stage_3,yes
af26e8db-5f13-b4f7-327f-5dc6a27847f1,2021/12/03/af26e8db-5f13-b4f7-327f-5dc6a27847f1.png,2021-12-03,f,,png,3212509,c83bbf1e0812c1f67adec4cc2fa4d9ef,51,2,2,0,2,public.hunttech_some_files.file_descriptor_id;public.sys_fts_queue.entity_id,0,0,E_ACTIVE_LINKED_FILE_MISSING,business_owner_decision_required_before_stage_3,yes
b14d6e92-3c0b-f05d-5025-c3bc77f7453d,2021/12/03/b14d6e92-3c0b-f05d-5025-c3bc77f7453d.png,2021-12-03,f,,png,2106814,d9b2f5dcada4ec21c719cb87715fd7c3,57,2,2,0,2,public.hunttech_some_files.file_descriptor_id;public.sys_fts_queue.entity_id,0,0,E_ACTIVE_LINKED_FILE_MISSING,business_owner_decision_required_before_stage_3,yes
f2b787c9-3e1c-b6ff-0cb2-4b02644f2fc4,2021/12/03/f2b787c9-3e1c-b6ff-0cb2-4b02644f2fc4.jpg,2021-12-03,f,,jpg,924547,4b28df117516ee6f82972d83e41b1b01,54,2,2,0,2,public.hunttech_some_files.file_descriptor_id;public.sys_fts_queue.entity_id,0,0,E_ACTIVE_LINKED_FILE_MISSING,business_owner_decision_required_before_stage_3,yes
816b6688-b586-477d-9a07-ce283cf031a8,2022/02/09/816b6688-b586-477d-9a07-ce283cf031a8.jpeg,2022-02-09,f,,jpeg,24875,27f2ced2ee021572fb7c255a3e08285e,14,1,1,0,1,public.sys_fts_queue.entity_id,0,0,E_ACTIVE_LINKED_FILE_MISSING,business_owner_decision_required_before_stage_3,yes
7456b923-2c4d-5c2a-077c-7d7da5f80562,2022/02/21/7456b923-2c4d-5c2a-077c-7d7da5f80562.rar,2022-02-21,f,,rar,1923701,357b8947bc4bacbef97b331018e74b96,12,2,2,0,2,public.hunttech_some_files.file_descriptor_id;public.sys_fts_queue.entity_id,0,0,E_ACTIVE_LINKED_FILE_MISSING,business_owner_decision_required_before_stage_3,yes
3dd15ea3-317f-f0fd-ea87-0ed0a5a16e88,2022/03/15/3dd15ea3-317f-f0fd-ea87-0ed0a5a16e88.docx,2022-03-15,f,,docx,18360,f936d1179810c6dc133eb1c9f81e0a8f,22,2,2,0,2,public.hunttech_some_files.file_descriptor_id;public.sys_fts_queue.entity_id,0,0,E_ACTIVE_LINKED_FILE_MISSING,business_owner_decision_required_before_stage_3,yes
e75a6ac7-771c-81dd-5140-fd7ff94b178a,2022/03/23/e75a6ac7-771c-81dd-5140-fd7ff94b178a.docx,2022-03-23,f,,docx,14419,4bcafbacf209563b8b2f1037500cbb0d,54,2,2,0,2,public.hunttech_some_files.file_descriptor_id;public.sys_fts_queue.entity_id,0,0,E_ACTIVE_LINKED_FILE_MISSING,business_owner_decision_required_before_stage_3,yes
c2c959ae-06c9-e098-5f58-8ab063c566a7,2022/03/31/c2c959ae-06c9-e098-5f58-8ab063c566a7.docx,2022-03-31,f,,docx,12853,a2830dcbebfc23a6dd32a38046c74b30,47,2,2,0,2,public.hunttech_some_files.file_descriptor_id;public.sys_fts_queue.entity_id,0,0,E_ACTIVE_LINKED_FILE_MISSING,business_owner_decision_required_before_stage_3,yes
a5175570-c0b5-1c06-165f-e520d24f05d1,2022/04/02/a5175570-c0b5-1c06-165f-e520d24f05d1.docx,2022-04-02,f,,docx,10379,be98e9501cbf98bc6d69069c1f3bd75e,54,2,2,0,2,public.hunttech_some_files.file_descriptor_id;public.sys_fts_queue.entity_id,0,0,E_ACTIVE_LINKED_FILE_MISSING,business_owner_decision_required_before_stage_3,yes
1813fd6a-f58c-a75b-ae7a-d04878f6c6f1,2022/04/06/1813fd6a-f58c-a75b-ae7a-d04878f6c6f1.docx,2022-04-06,f,,docx,10025,5a9a6b8cc3ccfbfb39972ef00e27ca5e,54,2,2,0,2,public.hunttech_some_files.file_descriptor_id;public.sys_fts_queue.entity_id,0,0,E_ACTIVE_LINKED_FILE_MISSING,business_owner_decision_required_before_stage_3,yes
95f5a2d8-0a8a-f7d6-fa12-1db791d90459,2022/04/19/95f5a2d8-0a8a-f7d6-fa12-1db791d90459.docx,2022-04-19,f,,docx,17843,feeafd8ed5927897d960fd17a1c86bc3,23,2,2,0,2,public.hunttech_some_files.file_descriptor_id;public.sys_fts_queue.entity_id,0,0,E_ACTIVE_LINKED_FILE_MISSING,business_owner_decision_required_before_stage_3,yes
af25df2b-cf0b-aecf-32e0-9aeec7433de3,2022/06/08/af25df2b-cf0b-aecf-32e0-9aeec7433de3.php,2022-06-08,f,,php,2615,0e576737062b9310934bb9e34e8d2183,26,2,2,0,2,public.hunttech_some_files.file_descriptor_id;public.sys_fts_queue.entity_id,0,0,E_ACTIVE_LINKED_FILE_MISSING,business_owner_decision_required_before_stage_3,yes
bf434f9a-18ac-4b69-9a8f-258fc66ebd5b,2022/06/08/bf434f9a-18ac-4b69-9a8f-258fc66ebd5b.php,2022-06-08,f,,php,4808,66d1aa32f730c22f969dc85075aca992,28,2,2,0,2,public.hunttech_some_files.file_descriptor_id;public.sys_fts_queue.entity_id,0,0,E_ACTIVE_LINKED_FILE_MISSING,business_owner_decision_required_before_stage_3,yes
a594afdd-1feb-c515-da95-0c507b9437c0,2022/06/20/a594afdd-1feb-c515-da95-0c507b9437c0.xlsx,2022-06-20,f,,xlsx,9569,21d9ee9b51d06a19af0ef0d89d65765f,40,2,2,0,2,public.hunttech_some_files.file_descriptor_id;public.sys_fts_queue.entity_id,0,0,E_ACTIVE_LINKED_FILE_MISSING,business_owner_decision_required_before_stage_3,yes
e1da629d-4249-9396-99f8-4db762894321,2022/07/05/e1da629d-4249-9396-99f8-4db762894321.docx,2022-07-05,f,,docx,15490,ea04560c873b52c8309aa9bb843c82e9,33,2,2,0,2,public.hunttech_some_files.file_descriptor_id;public.sys_fts_queue.entity_id,0,0,E_ACTIVE_LINKED_FILE_MISSING,business_owner_decision_required_before_stage_3,yes
7e571be1-9bc7-ba87-1f4a-a4f28846fcae,2022/08/12/7e571be1-9bc7-ba87-1f4a-a4f28846fcae.xlsx,2022-08-12,f,,xlsx,9569,21d9ee9b51d06a19af0ef0d89d65765f,40,2,2,0,2,public.hunttech_some_files.file_descriptor_id;public.sys_fts_queue.entity_id,0,0,E_ACTIVE_LINKED_FILE_MISSING,business_owner_decision_required_before_stage_3,yes
6312a68e-1f97-0f87-9781-ff8f5808e480,2023/08/03/6312a68e-1f97-0f87-9781-ff8f5808e480.docx,2023-08-03,f,,docx,34059,a4cafc7a9d07e135a12ce41ae270b0ee,21,2,2,0,2,public.hunttech_some_files.file_descriptor_id;public.sys_fts_queue.entity_id,0,0,E_ACTIVE_LINKED_FILE_MISSING,business_owner_decision_required_before_stage_3,yes
644e5154-923f-2bc9-4016-fd90ac5d6c41,2023/08/03/644e5154-923f-2bc9-4016-fd90ac5d6c41.docx,2023-08-03,f,,docx,30849,68dc880885689cee4002735a52d4becf,14,2,2,0,2,public.hunttech_some_files.file_descriptor_id;public.sys_fts_queue.entity_id,0,0,E_ACTIVE_LINKED_FILE_MISSING,business_owner_decision_required_before_stage_3,yes
f03f45d9-dd41-263a-930f-3368ad1de463,2023/08/03/f03f45d9-dd41-263a-930f-3368ad1de463.doc,2023-08-03,f,,doc,127650,ad40c5cf188da0058389d50c1ae1cc83,75,2,2,0,2,public.hunttech_some_files.file_descriptor_id;public.sys_fts_queue.entity_id,0,0,E_ACTIVE_LINKED_FILE_MISSING,business_owner_decision_required_before_stage_3,yes
02c262ca-13a4-049d-8e4f-b7716d473cf4,2023/08/07/02c262ca-13a4-049d-8e4f-b7716d473cf4.pdf,2023-08-07,f,,pdf,181701,b6c953fb0ddca8b2519484c29c3c95c5,32,2,2,0,2,public.hunttech_some_files.file_descriptor_id;public.sys_fts_queue.entity_id,0,0,E_ACTIVE_LINKED_FILE_MISSING,business_owner_decision_required_before_stage_3,yes
2cd1c6fa-bd06-95dc-78ea-86de0a6772b2,2023/08/07/2cd1c6fa-bd06-95dc-78ea-86de0a6772b2.docx,2023-08-07,f,,docx,17182,c43cdcde62a189cb7cc2b039d4486509,41,2,1,1,2,public.hunttech_some_files.file_descriptor_id;public.sys_fts_queue.entity_id,0,0,E_ACTIVE_LINKED_FILE_MISSING,business_owner_decision_required_before_stage_3,yes
40920b72-f1b2-f322-741a-68c197819c05,2023/08/07/40920b72-f1b2-f322-741a-68c197819c05.pdf,2023-08-07,f,,pdf,181701,b6c953fb0ddca8b2519484c29c3c95c5,32,1,1,0,1,public.sys_fts_queue.entity_id,0,0,E_ACTIVE_LINKED_FILE_MISSING,business_owner_decision_required_before_stage_3,yes
4805180f-0bf2-5f5d-d1a8-d7f21287a069,2023/08/07/4805180f-0bf2-5f5d-d1a8-d7f21287a069.pdf,2023-08-07,f,,pdf,1632121,7336b98dc4f59dd598f0ed54c0dfcd06,19,1,1,0,1,public.sys_fts_queue.entity_id,0,0,E_ACTIVE_LINKED_FILE_MISSING,business_owner_decision_required_before_stage_3,yes
61120df4-eb94-5b18-84a2-663101ef4429,2023/08/07/61120df4-eb94-5b18-84a2-663101ef4429.docx,2023-08-07,f,,docx,17182,c43cdcde62a189cb7cc2b039d4486509,41,1,1,0,1,public.sys_fts_queue.entity_id,0,0,E_ACTIVE_LINKED_FILE_MISSING,business_owner_decision_required_before_stage_3,yes
681558ee-ac78-e59e-65bf-15c9423d1507,2023/08/07/681558ee-ac78-e59e-65bf-15c9423d1507.xlsx,2023-08-07,f,,xlsx,34109,666b298941bb5d235ffa5ef92c5b946f,35,1,1,0,1,public.sys_fts_queue.entity_id,0,0,E_ACTIVE_LINKED_FILE_MISSING,business_owner_decision_required_before_stage_3,yes
72d023f1-4610-47e7-ae73-82470fcef13f,2023/08/07/72d023f1-4610-47e7-ae73-82470fcef13f.pdf,2023-08-07,f,,pdf,1632121,7336b98dc4f59dd598f0ed54c0dfcd06,19,1,1,0,1,public.sys_fts_queue.entity_id,0,0,E_ACTIVE_LINKED_FILE_MISSING,business_owner_decision_required_before_stage_3,yes
7d0cc8d8-2b8a-ba5c-c1db-80846e06e57b,2023/08/07/7d0cc8d8-2b8a-ba5c-c1db-80846e06e57b.pdf,2023-08-07,f,,pdf,1632121,7336b98dc4f59dd598f0ed54c0dfcd06,19,2,2,0,2,public.hunttech_some_files.file_descriptor_id;public.sys_fts_queue.entity_id,0,0,E_ACTIVE_LINKED_FILE_MISSING,business_owner_decision_required_before_stage_3,yes
9354dd8c-db86-4cab-12f1-e134fa26c123,2023/08/07/9354dd8c-db86-4cab-12f1-e134fa26c123.docx,2023-08-07,f,,docx,20740,609fb08fd2fce45a0ab26cc7c4a71dc2,29,1,1,0,1,public.sys_fts_queue.entity_id,0,0,E_ACTIVE_LINKED_FILE_MISSING,business_owner_decision_required_before_stage_3,yes
edaaca4b-9295-55a4-e4f4-dfb346360f9c,2023/08/07/edaaca4b-9295-55a4-e4f4-dfb346360f9c.pdf,2023-08-07,f,,pdf,181701,b6c953fb0ddca8b2519484c29c3c95c5,32,1,1,0,1,public.sys_fts_queue.entity_id,0,0,E_ACTIVE_LINKED_FILE_MISSING,business_owner_decision_required_before_stage_3,yes
b7867d81-d798-c09f-26d0-285e2c787ba9,2023/08/09/b7867d81-d798-c09f-26d0-285e2c787ba9.png,2023-08-09,f,,png,164571,a97294b2e742051ccf4c71159c706142,8,2,2,0,2,public.hunttech_some_files.file_descriptor_id;public.sys_fts_queue.entity_id,0,0,E_ACTIVE_LINKED_FILE_MISSING,business_owner_decision_required_before_stage_3,yes
c5882d24-5b58-d866-c456-6bc626ece33c,2023/08/09/c5882d24-5b58-d866-c456-6bc626ece33c.png,2023-08-09,f,,png,164571,a97294b2e742051ccf4c71159c706142,8,2,2,0,2,public.hunttech_some_files.file_descriptor_id;public.sys_fts_queue.entity_id,0,0,E_ACTIVE_LINKED_FILE_MISSING,business_owner_decision_required_before_stage_3,yes
f19c9a43-d1c2-ca63-2d12-a327737aad51,2023/08/09/f19c9a43-d1c2-ca63-2d12-a327737aad51.dmg,2023-08-09,f,,dmg,1854844,8f989213489d7bd26b7af022045422d3,41,2,2,0,2,public.hunttech_some_files.file_descriptor_id;public.sys_fts_queue.entity_id,0,0,E_ACTIVE_LINKED_FILE_MISSING,business_owner_decision_required_before_stage_3,yes
